Customers,zip,ciity,county,region
Hospitality Resource Coco,32922,Cocoa,Brevard,Central East
General Hotel,33016,Hialeah,Miami-Dade,South East
Hunters Run-Hunters Run Prop,33436,Boynton Beach,Palm Beach,South East
Kansas Marine,33179,Miami,Miami-Dade,South East
Kurdi's Mediterranean Grill,33602,Tampa,Hillsborough,Central West
Restaurant Warehouse,33436,Boynton Beach,Palm Beach,South East
Restaurant Warehouse,33309,Fort Lauderdale,Broward,South East
Rollot Design Inc.,33309,Fort Lauderdale,Broward,South East
Wall St Cantina,32801,Orlando,Orange,Central
Wall St Cantina,32801,Orlando,Orange,Central
Bonita Bay Club,34134,Bonita Springs,Lee,South West
Disney Fantasy,32830,Orlando,Orange,Central
Disney Fantasy,32830,Orlando,Orange,Central
Disney Fantasy,32830,Orlando,Orange,Central
Disney Wonder,32830,Orlando,Orange,Central
General Hotel,33016,Hialeah,Miami-Dade,South East
Hudson at Waterway East,33483,Delray Beach,Palm Beach,South East
Hunters Run-Hunters Run Prop,33436,Boynton Beach,Palm Beach,South East
Iguana Mia Inc,33966,Fort Myers,Lee,South West
Jupiter Beach Resort,33477,Jupiter,Palm Beach,South East
JW Marriott Orlando,32837,Orlando,Orange,Central
Marriott Delray Beach,33483,Delray Beach,Palm Beach,South East
Marriott Key Largo,33037,Key Largo,Monroe,South East
Rollot Design Inc.,33309,Fort Lauderdale,Broward,South East
Sushi Jo,33405,West Palm Beach,Palm Beach,South East
Suzy Qs Hometown Diner,33458,Jupiter,Palm Beach,South East
Tiburon of Naples Golf Club,34109,Naples,Collier,South West
Tomson Hospitality,33122,Miami,Miami-Dade,South East
WDW Animal Kingdom,32830,Orlando,Orange,Central
WDW Dolphin,32830,Orlando,Orange,Central
West Kendall Baptist,33196,Miami,Miami-Dade,South East
Bath and Tennis Club Inc,33480,Palm Beach,Palm Beach,South East
Bayside A Seafood Grill & Bar,34103,Naples,Collier,South West
Beachplace Towers,33316,Fort Lauderdale,Broward,South East
Bella Brava,33701,Saint Petersburg,Pinellas,Central West
Brookdale Cypress Village,32224,Jacksonville,Duval,North East
Buccan,33480,Palm Beach,Palm Beach,South East
Christopher's Kitchen,33418,Palm Beach Gardens,Palm Beach,South East
City Oyster,33444,Delray Beach,Palm Beach,South East
Courtyard Albeuerque,87109,Albuquerque,Bernalillo,New Mexico
Disney Wonder,32832,Orlando,Orange,Central
Finnegan's Beachside Pub,32136,Flagler Beach,Flagler,North East
Hilton Fort Lauderdale,33304,Fort Lauderdale,Broward,South East
Hilton Singer Island,33404,West Palm Beach,Palm Beach,South East
Indigenous,34236,Sarasota,Sarasota,Central West
Int'l Polo Club,33414,Wellington,Palm Beach,South East
Jupiter Country Club,33478,Jupiter,Palm Beach,South East
Kona Grill Tampa,33607,Tampa,Hillsborough,Central West
Lost Tree Club,33408,North Palm Beach,Palm Beach,South East
Marriott Harbor Beach,33316,Fort Lauderdale,Broward,South East
Marriott Sawgrass,32082,Ponte Vedra Beach,St Johns,North East
Omei Chinese Cuisine,34110,Naples,Collier,South West
Restaurant People BCH Blvd,33304,Fort Lauderdale,Broward,South East
Riviera Facility-CBI,33404,West Palm Beach,Palm Beach,South East
Saddlebrook Resorts,33543,Wesley Chapel,Pasco,Central West
Southernmost Beach Bar,33040,Key West,Monroe,South East
Southernmost Beach Bar,33040,Key West,Monroe,South East
Timpano Tampa,33606,Tampa,Hillsborough,Central West
Trump Resort Doral,33178,Miami,Miami-Dade,South East
WDW Animal Kingdom,32830,Orlando,Orange,Central
WDW Crystal Palace,32830,Orlando,Orange,Central
WDW Grand Floridian,32830,Orlando,Orange,Central
American Food Equipment,33136,Miami,Miami-Dade,South East
Brasserie Central,33146,Miami,Miami-Dade,South East
Disney Dream,32830,Orlando,Orange,Central
Disney Dream,32830,Orlando,Orange,Central
Dulcet Restaurant & Lounge,34652,New Port Richey,Pasco,Central West
Dulcet Restaurant & Lounge,34652,New Port Richey,Pasco,Central West
Edward Don,30071,Norcross,Gwinneth,Georgia
Edward Don,30071,Norcross,Gwinneth,Georgia
Flippers on the Bay,33931,Fort Myers Beach,Lee,South West
Food Service Co-Op,33326,Fort Lauderdale,Broward,South East
General Hotel,33016,Hialeah,Miami-Dade,South East
General Hotel,33016,Hialeah,Miami-Dade,South East
Guppy's on the Beach,33785,Indian Rocks Beach,Pinellas,Central West
Harborchase,32224,Jacksonville,Duval,North East
Miami Airport Hilton,33126,Miami,Miami-Dade,South East
Rollot Design Inc.,33309,Fort Lauderdale,Broward,South East
Rosen Shingle Creek,32819,Orlando,Orange,Central
Rosies Bar and Grill,33305,Fort Lauderdale,Broward,South East
Saddlebrook Resorts,33543,Wesley Chapel,Pasco,Central West
San Angel Inn,32830,Orlando,Orange,Central
San Angel Inn,32830,Orlando,Orange,Central
Seminole Blue Plate,33314,Fort Lauderdale,Broward,South East
Tequesta Country Club,33469,Jupiter,Palm Beach,South East
The Breakers Hotel,33480,Palm Beach,Palm Beach,South East
WDW Animal Kingdom,32830,Orlando,Orange,Central
Zen Bistro,32114,Daytona Beach,Volusia,Central East
Dulcet Restaurant & Lounge,34652,New Port Richey,Pasco,Central West
San Angel Inn,32830,Orlando,Orange,Central
WDW Pioneer Hall,32830,Orlando,Orange,Central
WDW Polynesian,32830,Orlando,Orange,Central
Atlantic Distributors,32254,Jacksonville,Duval,North East
Dulcet Restaurant & Lounge,34652,New Port Richey,Pasco,Central West
Fuego by Mana,33180,Miami,Miami-Dade,South East
Quality Foods/ Paradise FR,33178,Miami,Miami-Dade,South East
WDW Crystal Palace,32830,Orlando,Orange,Central
WDW Old Key West,32830,Orlando,Orange,Central
3030 ocean harbor beach marriott,33316,Fort Lauderdale,Broward,South East
Disney Dream,32830,Orlando,Orange,Central
Meg O'Malleys,32901,Melbourne,Brevard,Central East
The Shipyard Restaurant LTD,33187,Miami,Miami-Dade,South East
Dulcet Restaurant & Lounge,34652,New Port Richey,Pasco,Central West
Anderson Fabrics,33166,Miami,Miami-Dade,South East
Bargreen Ellinson,32224,Jacksonville,Duval,North East
Bellaggio Residents,33467,Lake Worth,Palm Beach,South East
Disney Fantasy,32830,Orlando,Orange,Central
Disney Fantasy,32830,Orlando,Orange,Central
Gordon Food Service,33167,Miami,Miami-Dade,South East
Gordon Food Service,33563,Plant City,Hillsborough,Central West
Gulfstream Bath Club,33483,Delray Beach,Palm Beach,South East
Iguana Mia Inc,33966,Fort Myers,Lee,South West
St Andrews Country Club,33483,Delray Beach,Palm Beach,South East
Sushi Pop,32765,Oviedo,Seminole,Central
The Cypress Club,29926,Hiltion Head,Beaufort,South Carolina
The Polo Club of Boca Raton,33496,Boca Raton,Palm Beach,South East
WDW Dolphin,32830,Orlando,Orange,Central
Windsor Club Inc,32963,Vero Beach,Indian River,Central East
Ameilia Island Equity Club,32034,Fernandina Beach,Nassau,North East
Arthurs Catering,32714,Altamonte Springs,Seminole,Central
Biltmore Hotel,33134,Miami,Miami-Dade,South East
Buccan,33480,Palm Beach,Palm Beach,South East
Club At Barefoot Beach,34134,Bonita Springs,Lee,South West
Hyde Out,33606,Tampa,Hillsborough,Central West
miromar lakes beach club,33913,Fort Myers,Lee,South West
Nanking,33316,Fort Lauderdale,Broward,South East
Nanking,33316,Fort Lauderdale,Broward,South East
portobello yacht club,32802,Orlando,Orange,Central
Rollot Design Inc.,33309,Fort Lauderdale,Broward,South East
St Andrews Country Club,33496,Boca Raton,Palm Beach,South East
Wasserstrom,32219,Jacksonville,Duval,North East
Bayside A Seafood Grill & Bar,34103,Naples,Collier,South West
Byef - Sky Bar,33139,Miami Beach,Miami-Dade,South East
Deck 84,33483,Delray Beach,Palm Beach,South East
Disney Dream,32830,Orlando,Orange,Central
Ethos Greek Bistro,33073,Pompano Beach,Broward,South East
Intercontinental Miami,33131,Miami,Miami-Dade,South East
Naples Beach Hotel & Golf Club,34102,Naples,Collier,South West
Olde Cypress Club,34119,Naples,Collier,South West
Olde Hickory Golf and Country Club,33912,Fort Myers,Lee,South West
"Paradise Paper/BBFD, Inc.",32547,Fort Walton Beach,Okaloosa,North West
the polo club of boca raton,33496,Boca Raton,Palm Beach,South East
Tomson Hospitality,33122,Miami,Miami-Dade,South East
Tracy Young,32259,Saint Johns,St Johns,North East
Twin Eagles Club,34120,Naples,Collier,South West
Wald Disney World Dolphin,32830,Orlando,Orange,Central
American Food Equipment,33136,Miami,Miami-Dade,South East
American Food Equipment,33136,Miami,Miami-Dade,South East
Bistro AIX,32207,Jacksonville,Duval,North East
"Creative Breakfast Concepts, Inc.",32763,Orange City,Volusia,Central East
"Creative Breakfast Concepts, Inc.",33140,Miami Beach,Miami-Dade,South East
Culinary Convenience,33316,Fort Lauderdale,Broward,South East
Diplomat Resort & Spa,33019,Hollywood,Broward,South East
Dolphin Hotel Association,32830,Orlando,Orange,Central
Dolphin Hotel Association,32830,Orlando,Orange,Central
Embassy Suites Miami,33412,West Palm Beach,Palm Beach,South East
Fisher Island Club,33109,Miami Beach,Miami-Dade,South East
Fisher Island Club,33109,Miami Beach,Miami-Dade,South East
Flippers on the Bay,33931,Fort Myers Beach,Lee,South West
Fresh Harvest Restaurant,33073,Pompano Beach,Broward,South East
Glenmoor-Life Cart St. Johns,32092,Saint Augustine,St Johns,North East
Hilton Grand Vacation Parc Soleil,32836,Orlando,Orange,Central
Hilton Orlando,32819,Orlando,Orange,Central
Hilton University of Florida,32607,Gainesville,Alachua,North Central
Holiday Inn @ The Walt Disney,32830,Orlando,Orange,Central
Holiday Inn @ The Walt Disney,32830,Orlando,Orange,Central
Hotel Wish,33139,Miami Beach,Miami-Dade,South East
ifc dania,33004,Dania,Broward,South East
Intercontinental Miami,33131,Miami,Miami-Dade,South East
Islander Bayside,33036,Islamorada,Monroe,South East
Janes On Third,34102,Naples,Collier,South West
Jaquelina Pozzoli,33135,Miami,Miami-Dade,South East
Kansas Marine,33179,Miami,Miami-Dade,South East
Kasa-Food,32801,Orlando,Orange,Central
Kasa-Food,32801,Orlando,Orange,Central
Lighthouse Grill,33050,Marathon,Monroe,South East
Louie's Backyard,33040,Key West,Monroe,South East
Louie's Backyard,33040,Key West,Monroe,South East
Naples Grand Beach Resort,34103,Naples,Collier,South West
Ponte Verde Inn and Club,32082,Ponte Vedra Beach,St Johns,North East
Restaurant People BCH Blvd,33304,Fort Lauderdale,Broward,South East
Rosen Centre Inc,32819,Orlando,Orange,Central
Ruth Chris,32789,Winter Park,Orange,Central
Schooner Seafoods Inc,33037,Key Largo,Monroe,South East
Sharkys Restaurant ,34285,Venice,Sarasota,Central West
SLS Hotel South Beach,33139,Miami Beach,Miami-Dade,South East
Spazio,33316,Fort Lauderdale,Broward,South East
Spazio,33316,Fort Lauderdale,Broward,South East
St Andrews Country Club,33496,Boca Raton,Palm Beach,South East
Tomson Hospitality,33122,Miami,Miami-Dade,South East
Tomson Hospitality,33122,Miami,Miami-Dade,South East
Ulele,33602,Tampa,Hillsborough,Central West
WDW Animal Kingdom Lodge,32830,Orlando,Orange,Central
WDW Animal Kingdom Lodge,32830,Orlando,Orange,Central
WDW Yacht & Beach,32830,Orlando,Orange,Central
Westin Cape Coral Resort,33914,Cape Coral,Lee,South West
wine world craft beer,32413,Panama City Beach,Bay,North West
World of Bear,32246,Jacksonville,Duval,North East
Breakers Hotel,33480,Palm Beach,Palm Beach,South East
General Hotel,33016,Hialeah,Miami-Dade,South East
General Hotel,33016,Hialeah,Miami-Dade,South East
General Hotel,33016,Hialeah,Miami-Dade,South East
Little Palm Island,33042,Summerland Key,Monroe,South East
Midtown Athletic Club #61,33326,Fort Lauderdale,Broward,South East
S-3,33304,Fort Lauderdale,Broward,South East
Wall St Catina,32801,Orlando,Orange,Central
Wasserstrom,32219,Jacksonville,Duval,North East
WDW Crystal Palace,32830,Orlando,Orange,Central
WDW Yacht & Beach,32830,Orlando,Orange,Central
WDW Yacht & Beach,32830,Orlando,Orange,Central
Better Than Sex,33040,Key West,Monroe,South East
Breakers Hotel,33480,Palm Beach,Palm Beach,South East
Byef - Sky Bar,33139,Miami Beach,Miami-Dade,South East
Chops City Grill,34102,Naples,Collier,South West
Culinary Convenience,33316,Fort Lauderdale,Broward,South East
Disney Fantasy,32830,Orlando,Orange,Central
Fit Foodz Cafe ,33496,Boca Raton,Palm Beach,South East
Gordon Food Service,33563,Plant City,Hillsborough,Central West
Gordon Food Service,33167,Miami,Miami-Dade,South East
Hilton Daytona Beach,32118,Daytona Beach,Volusia,Central East
Hilton Daytona Beach,32118,Daytona Beach,Volusia,Central East
"Premier Cutlery Depot, LL",32824,Orlando,Orange,Central
Semionle Pastry K Chench,33314,Fort Lauderdale,Broward,South East
Semionle Pastry K Chench,33314,Fort Lauderdale,Broward,South East
Semionle Plum Bar,33314,Fort Lauderdale,Broward,South East
Tap 42,33316,Fort Lauderdale,Broward,South East
Westin-Key West,33040,Key West,Monroe,South East
0030806-GMR,32809,Orlando,Orange,Central
101 Ocean,33308,Fort Lauderdale,Broward,South East
Acqualina,33160,North Miami Beach,Miami-Dade,South East
Boca Woods Country Club Inc,33428,Boca Raton,Palm Beach,South East
Cafe Ponte,33760,Clearwater,Pinellas,Central West
Cafe Ponte,33760,Clearwater,Pinellas,Central West
Kasa-Food,32801,Orlando,Orange,Central
Mandarin Oriental Miami,33131,Miami,Miami-Dade,South East
Ravenous Pig,32789,Winter Park,Orange,Central
Ritz Carlton Coconut Grove,33133,Miami,Miami-Dade,South East
Seminole CC Banquets,33073,Pompano Beach,Broward,South East
Timpano Tampa,33606,Tampa,Hillsborough,Central West
WDW Boardwalk Resort,32830,Orlando,Orange,Central
Canton Sushi Maki,33166,Miami,Miami-Dade,South East
City Oyster,33444,Delray Beach,Palm Beach,South East
Crush Eleven,32922,Cocoa,Brevard,Central East
Diplomat Resort & Spa,33019,Hollywood,Broward,South East
Fat Snook,32931,Cocoa Beach,Brevard,Central East
Fisher Island Club,33109,Miami Beach,Miami-Dade,South East
Grand Beach Hotel Miami Beach,33140,Miami Beach,Miami-Dade,South East
Hellas Bakery and Restaurant,34689,Tarpon Springs,Pinellas,Central West
Homewood Residence,33573,Sun City Center,Hillsborough,Central West
"P&L Foods, Inc./E&S",33971,Lehigh Acres,Lee,South West
"Paradise Paper/BBFD, Inc.",32547,Fort Walton Beach,Okaloosa,North West
Renaissance Orlando Resort,32821,Orlando,Orange,Central
Singer NY dba M. Tucker,7503,Paterson,Passaic,New Jersey
Thomas Murphy-The Beach Bistro,34217,Bradenton Beach,Manatee,Central West
WDW Animal Kingdom Lodge,32830,Orlando,Orange,Central
WDW Animal Kingdom Lodge,32830,Orlando,Orange,Central
WDW Contemporary Resort F B ,32830,Orlando,Orange,Central
WDW Yacht & Beach,32830,Orlando,Orange,Central
Worth Ave Rest Inc,33480,Palm Beach,Palm Beach,South East
Acme Ice House,32413,Panama City Beach,Bay,North West
Angelinas Ristorante,34134,Bonita Springs,Lee,South West
Bayfront Bistro,33931,Fort Myers Beach,Lee,South West
Caffe Italia,33134,Miami,Miami-Dade,South East
Caffe Italia,33134,Miami,Miami-Dade,South East
Disney Dream,32830,Orlando,Orange,Central
General Hotel,33016,Hialeah,Miami-Dade,South East
General Hotel,33016,Hialeah,Miami-Dade,South East
General Hotel,33016,Hialeah,Miami-Dade,South East
General Hotel,33016,Hialeah,Miami-Dade,South East
General Hotel,33016,Hialeah,Miami-Dade,South East
Gulfstream Bath Club,33483,Delray Beach,Palm Beach,South East
Island Hotel Properties II,33040,Key West,Monroe,South East
La Tavola,34145,Marco Island,Collier,South West
Lost Tree Club,33408,North Palm Beach,Palm Beach,South East
Oceania Health Club,33160,North Miami Beach,Miami-Dade,South East
Parrot Key Carribean Grill,33931,Fort Myers Beach,Lee,South West
Restaurant Warehouse,33309,Fort Lauderdale,Broward,South East
Riviera Country Club Coral Gable,33404,West Palm Beach,Palm Beach,South East
Riviera Country Club Coral Gable,33146,Miami,Miami-Dade,South East
Sandcastle Resort,34236,Sarasota,Sarasota,Central West
Sea Critters Cafe G,33706,Saint Petersburg,Pinellas,Central West
Stoneybrook Golf Country Club,34238,Sarasota,Sarasota,Central West
Wasserstrom,32219,Jacksonville,Duval,North East
Tommy Bahama,33477,Jupiter,Palm Beach,South East
Wall St Catina,32801,Orlando,Orange,Central
American Food Equipment,33136,Miami,Miami-Dade,South East
Breakers Hotel,33480,Palm Beach,Palm Beach,South East
Caribe Royal Resort,32821,Orlando,Orange,Central
Country Club of Florida,33436,Boynton Beach,Palm Beach,South East
Crackers Sea Grill Inc DBA,33706,Saint Petersburg,Pinellas,Central West
Culinary Convenience,33316,Fort Lauderdale,Broward,South East
Culinary Convenience,33316,Fort Lauderdale,Broward,South East
Culinary Convenience,33316,Fort Lauderdale,Broward,South East
Culinary Convenience,33316,Fort Lauderdale,Broward,South East
Culinary Convenience,33316,Fort Lauderdale,Broward,South East
Culinary Convenience,33316,Fort Lauderdale,Broward,South East
Culinary Convenience,33316,Fort Lauderdale,Broward,South East
Culinary Convenience,33316,Fort Lauderdale,Broward,South East
Culinary Convenience,33316,Fort Lauderdale,Broward,South East
Culinary Convenience,33316,Fort Lauderdale,Broward,South East
Culinary Convenience,33316,Fort Lauderdale,Broward,South East
Dolphin Hotel Association,32830,Orlando,Orange,Central
Flagler Hospital Inc,32086,Saint Augustine,St Johns,North East
General Hotel,33016,Hialeah,Miami-Dade,South East
General Hotel,33016,Hialeah,Miami-Dade,South East
Grand Beach Hotel Miami Beach,33140,Miami Beach,Miami-Dade,South East
Hideway Beach Assoc Inc,34145,Marco Island,Collier,South West
Lighthouse Grill,33050,Marathon,Monroe,South East
Miami Airport Hilton,33126,Miami,Miami-Dade,South East
Miami Culinary Institute,33132,Miami,Miami-Dade,South East
Noble Crust ,33702,Saint Petersburg,Pinellas,Central West
Sushi Jo,33405,West Palm Beach,Palm Beach,South East
Sushi Pop,32765,Oviedo,Seminole,Central
Tee Jay Thai Sushi,33305,Fort Lauderdale,Broward,South East
Thai House II,33160,North Miami Beach,Miami-Dade,South East
Turnberry Isle Resort,33180,Miami,Miami-Dade,South East
Vineyard Wne Co LLC,32746,Lake Mary,Seminole,Central
WDW Polynesian,32830,Orlando,Orange,Central
904 Las Olas Inc,33301,Fort Lauderdale,Broward,South East
Big Daddy LLC/DBA,33716,Saint Petersburg,Pinellas,Central West
Big Daddy LLC/DBA,33716,Saint Petersburg,Pinellas,Central West
Boca Woods Country Club Inc,33428,Boca Raton,Palm Beach,South East
Caffe Italia,33134,Miami,Miami-Dade,South East
Compass/Fultons Crab House,32830,Orlando,Orange,Central
Culinary Convenience,33316,Fort Lauderdale,Broward,South East
Culinary Convenience,33316,Fort Lauderdale,Broward,South East
Culinary Convenience,33316,Fort Lauderdale,Broward,South East
Disney Magic ,32830,Orlando,Orange,Central
General Hotel,33016,Hialeah,Miami-Dade,South East
General Hotel,33016,Hialeah,Miami-Dade,South East
General Hotel,33016,Hialeah,Miami-Dade,South East
General Hotel,33016,Hialeah,Miami-Dade,South East
General Hotel,33016,Hialeah,Miami-Dade,South East
Gordon Food Service,33563,Plant City,Hillsborough,Central West
Hotel Wish,33139,Miami Beach,Miami-Dade,South East
Hyatt Place Tampa Busch Garden,33612,Tampa,Hillsborough,Central West
La Bazenne On Fifth,34102,Naples,Collier,South West
Lago Mar Hotel,33316,Fort Lauderdale,Broward,South East
Mad Hatter,33957,Sanibel,Lee,South West
Marriott Harbor Beach,33316,Fort Lauderdale,Broward,South East
Renaissance Orlando Resort,32821,Orlando,Orange,Central
Renaissance Orlando Resort,32821,Orlando,Orange,Central
Rocco Steak LLC,33701,Saint Petersburg,Pinellas,Central West
Sunset Key Guest Cottages-KW,33040,Key West,Monroe,South East
Thierry's Catering ,33150,Miami,Miami-Dade,South East
Westin-Key West,33040,Key West,Monroe,South East
Yolo Las Olas,33301,Fort Lauderdale,Broward,South East
Disney Fantasy,32830,Orlando,Orange,Central
Dulcet Restaurant & Lounge,34652,New Port Richey,Pasco,Central West
Flippers on the Bay,33931,Fort Myers Beach,Lee,South West
Ocean Key House,33040,Key West,Monroe,South East
Riviera Country Club Coral Gable,33146,Miami,Miami-Dade,South East
Rosen Centre Inc,32819,Orlando,Orange,Central
Rosen Shingle Creek,32819,Orlando,Orange,Central
Rosen Shingle Creek,32819,Orlando,Orange,Central
Semionle Pastry K Chench,33314,Fort Lauderdale,Broward,South East
The Front Porch,32301,Tallahassee,Leon,North Central
Wasserstrom,32219,Jacksonville,Duval,North East
WDW Boardwalk Resort,32830,Orlando,Orange,Central
12A Buoy,34950,Fort Pierce,St Lucie,Central East
717 South LLC,33606,Tampa,Hillsborough,Central West
904 Las Olas Inc,33301,Fort Lauderdale,Broward,South East
American Food Equipment,33136,Miami,Miami-Dade,South East
American Food Equipment,33136,Miami,Miami-Dade,South East
American Food Equipment,33136,Miami,Miami-Dade,South East
Bavaria Haus,33132,Miami,Miami-Dade,South East
Biltmore Hotel,33134,Miami,Miami-Dade,South East
Biltmore Hotel,33143,Miami,Miami-Dade,South East
Canton Sushi Maki,33166,Miami,Miami-Dade,South East
Commercial Glass & Restaurant,34104,Naples,Collier,South West
General Hotel,33016,Hialeah,Miami-Dade,South East
Mandarin Oriental Miami,33131,Miami,Miami-Dade,South East
Mandarin Oriental Miami,33131,Miami,Miami-Dade,South East
"Mc Parts and Supplies, Inc",33122,Miami,Miami-Dade,South East
"Mc Parts and Supplies, Inc",33122,Miami,Miami-Dade,South East
Pa De Gennaros,33308,Fort Lauderdale,Broward,South East
Restaurant Warehouse,33309,Fort Lauderdale,Broward,South East
Suncoast Manor Retirement ,33705,Saint Petersburg,Pinellas,Central West
Tania Pita,33134,Miami,Miami-Dade,South East
Trump International Beach Resort,33160,North Miami Beach,Miami-Dade,South East
Wall St Catina,32801,Orlando,Orange,Central
Wall St Catina,32801,Orlando,Orange,Central
World Golf Resort,32092,Saint Augustine,St Johns,North East
0030806-GMR,32809,Orlando,Orange,Central
American Food Equipment,33136,Miami,Miami-Dade,South East
Bath and Tennis Club Inc,33480,Palm Beach,Palm Beach,South East
Brasserie Central,33146,Miami,Miami-Dade,South East
Busch Gardens,33612,Tampa,Hillsborough,Central West
Country Club at Woodfield,33496,Boca Raton,Palm Beach,South East
Culinary Convenience,33316,Fort Lauderdale,Broward,South East
Culinary Convenience,33316,Fort Lauderdale,Broward,South East
Culinary Convenience,33316,Fort Lauderdale,Broward,South East
Disney Magic ,32830,Orlando,Orange,Central
Disney Wonder,32830,Orlando,Orange,Central
Disney Wonder,32830,Orlando,Orange,Central
Dolphin Hotel Association,32830,Orlando,Orange,Central
Dolphin Hotel Association,32830,Orlando,Orange,Central
Dulcet Restaurant & Lounge,34652,New Port Richey,Pasco,Central West
General Hotel,33016,Hialeah,Miami-Dade,South East
GG S Waterfront Bar and Grill,33019,Hollywood,Broward,South East
Gleneagles Country Club Inc,33446,Delray Beach,Palm Beach,South East
Harborchase,32606,Gainesville,Alachua,North Central
Heron House,33771,Largo,Pinellas,Central West
Island Hotel Properties II,33040,Key West,Monroe,South East
Islands Dogs Bar,33040,Key West,Monroe,South East
Jonathans Landing Inc,33477,Jupiter,Palm Beach,South East
Loews Miami Beach Hotel 179172,33139,Miami Beach,Miami-Dade,South East
Parrot Key Carribean Grill,33931,Fort Myers Beach,Lee,South West
Pedro's Chicken,33134,Miami,Miami-Dade,South East
Quality Meats ,33139,Miami Beach,Miami-Dade,South East
SLS Hotel South Beach,33139,Miami Beach,Miami-Dade,South East
The Bay House Restaurant G,34110,Naples,Collier,South West
Tomson Hospitality,33122,Miami,Miami-Dade,South East
WDW DCL Dream Cruise,32832,Orlando,Orange,Central
WDW Grand Floridian,32830,Orlando,Orange,Central
Aqua Grill / aw Shucks,32082,Ponte Vedra Beach,St Johns,North East
Biscottis Restaurant,32205,Jacksonville,Duval,North East
Buccan,33480,Palm Beach,Palm Beach,South East
Captain & Krewe,34102,Naples,Collier,South West
Champions Gate Oasis Club,33837,Davenport,Polk,Central
Champions Gate Oasis Club,33837,Davenport,Polk,Central
Chatham House Restaurant,33308,Fort Lauderdale,Broward,South East
Disney Magic ,32830,Orlando,Orange,Central
Fogo De Chao Orlando Cap Ex,32819,Orlando,Orange,Central
General Hotel,33016,Hialeah,Miami-Dade,South East
General Hotel,33016,Hialeah,Miami-Dade,South East
JW Marriott Marquis,33101,Miami,Miami-Dade,South East
JW Marriott Marquis,33101,Miami,Miami-Dade,South East
JW Marriott Marquis,33101,Miami,Miami-Dade,South East
Key West Marriott,33040,Key West,Monroe,South East
Locale Market,33701,Saint Petersburg,Pinellas,Central West
Miami Culinary Institute,33132,Miami,Miami-Dade,South East
Papas Tapas,33445,Delray Beach,Palm Beach,South East
Papas Tapas,33445,Delray Beach,Palm Beach,South East
PGA National Resort and Spa,33418,Palm Beach Gardens,Palm Beach,South East
San Angel Inn,32830,Orlando,Orange,Central
Schooner Seafoods Inc,33037,Key Largo,Monroe,South East
Seminole Blue Plate,33314,Fort Lauderdale,Broward,South East
Shore Diner,34236,Sarasota,Sarasota,Central West
Sushi Jo,33405,West Palm Beach,Palm Beach,South East
Tavolinos Restaurante,33065,Pompano Beach,Broward,South East
TBHC Inc/ Bayhill Club and Lodge,32819,Orlando,Orange,Central
The Addison,33432,Boca Raton,Palm Beach,South East
The Breakers Hotel,33480,Palm Beach,Palm Beach,South East
Wasserstrom,32219,Jacksonville,Duval,North East
Thomas Murphy-The Beach Bistro,34217,Bradenton Beach,Manatee,Central West
Watercolor Warehouse,32459,Santa Rosa Beach,Walton,North West
WDW Animal Kingdom Lodge,32830,Orlando,Orange,Central
Westin Ft Lauderdale,33334,Fort Lauderdale,Broward,South East
Boca West Club Inc,33434,Boca Raton,Palm Beach,South East
BYEF - Shore Club,33139,Miami Beach,Miami-Dade,South East
Food Service Co-Op,33326,Fort Lauderdale,Broward,South East
Food Service Co-Op,33326,Fort Lauderdale,Broward,South East
Gordon Food Service,33563,Plant City,Hillsborough,Central West
Gordon Food Service,33167,Miami,Miami-Dade,South East
Kansas Marine,33179,Miami,Miami-Dade,South East
Kansas Marine,33179,Miami,Miami-Dade,South East
Plan Do See Miami,33139,Miami Beach,Miami-Dade,South East
"Premier Cutlery Depot, LL",32824,Orlando,Orange,Central
Rosen Shingle Creek,32819,Orlando,Orange,Central
Vic and Angelo's,33418,Palm Beach Gardens,Palm Beach,South East
WDW Contemporary Resort F B ,32830,Orlando,Orange,Central
American Food Equipment,33136,Miami,Miami-Dade,South East
Baoli Restaurant,33139,Miami Beach,Miami-Dade,South East
Biltmore Hotel,33134,Miami,Miami-Dade,South East
Cos Crew Dining Flag Bui G,33756,Clearwater,Pinellas,Central West
Culinary Convenience,33316,Fort Lauderdale,Broward,South East
Cut 432,33483,Delray Beach,Palm Beach,South East
Panache Party Rental,33069,Pompano Beach,Broward,South East
Ritz Carlton Naples,34108,Naples,Collier,South West
SDXG The Club @ Venetian Bay,32168,New Smyrna Beach,Volusia,Central East
White Horse International ,33414,Wellington,Palm Beach,South East
World Golf Village/Renais,32092,Saint Augustine,St Johns,North East
Yard Bird Southern Table and Bar,33139,Miami Beach,Miami-Dade,South East
Bellasera,34102,Naples,Collier,South West
Bellasera,34102,Naples,Collier,South West
Biltmore Hotel,33134,Miami,Miami-Dade,South East
Caffe Italia,33134,Miami,Miami-Dade,South East
Creekside Catering At PCVOB,34231,Sarasota,Sarasota,Central West
Creekside Catering At PCVOB,34231,Sarasota,Sarasota,Central West
Culinary Convenience,33316,Fort Lauderdale,Broward,South East
Culinary Convenience,33316,Fort Lauderdale,Broward,South East
Culinary Convenience,33316,Fort Lauderdale,Broward,South East
Culinary Convenience,33316,Fort Lauderdale,Broward,South East
Culinary Convenience,33316,Fort Lauderdale,Broward,South East
Disney Fantasy,32830,Orlando,Orange,Central
Disney Wonder,32830,Orlando,Orange,Central
Doctors Hospital ,33146,Miami,Miami-Dade,South East
General Hotel,333016,#N/A,#N/A,#N/A
General Hotel,33016,Hialeah,Miami-Dade,South East
General Hotel,33016,Hialeah,Miami-Dade,South East
General Hotel,33016,Hialeah,Miami-Dade,South East
Hospitality Resource Coco,32922,Cocoa,Brevard,Central East
Mandarin Oriental Miami,33131,Miami,Miami-Dade,South East
Mandarin Oriental Miami,33131,Miami,Miami-Dade,South East
S-3,33304,Fort Lauderdale,Broward,South East
The Governor's Club,32301,Tallahassee,Leon,North Central
Tommy Bahama,34102,Naples,Collier,South West
Yolo Las Olas,33301,Fort Lauderdale,Broward,South East
Beach House Restaurant,34217,Bradenton Beach,Manatee,Central West
Christopher's Kitchen,33418,Palm Beach Gardens,Palm Beach,South East
Christopher's Kitchen,33418,Palm Beach Gardens,Palm Beach,South East
"Creative Breakfast Concepts, Inc.",32763,Orange City,Volusia,Central East
Culinary Convenience,33316,Fort Lauderdale,Broward,South East
Culinary Convenience,33316,Fort Lauderdale,Broward,South East
Culinary Convenience,33316,Fort Lauderdale,Broward,South East
Dolphin Hotel Association,32830,Orlando,Orange,Central
Dolphin Hotel Association,32830,Orlando,Orange,Central
Doubletree Universal Hotel Orlando,32819,Orlando,Orange,Central
Doubletree Universal Hotel Orlando,32819,Orlando,Orange,Central
Dulcet Restaurant & Lounge,34652,New Port Richey,Pasco,Central West
Food Service Co-Op,33326,Fort Lauderdale,Broward,South East
Food Service Co-Op,33326,Fort Lauderdale,Broward,South East
Fuego 186th St,33180,Miami,Miami-Dade,South East
General Hotel,33016,Hialeah,Miami-Dade,South East
General Hotel,33016,Hialeah,Miami-Dade,South East
Heritage Palm Golf and CC,33912,Fort Myers,Lee,South West
Heritage Palm Golf and CC,33912,Fort Myers,Lee,South West
Jacksonville Golf and Country club,32224,Jacksonville,Duval,North East
Kona Grill Tampa,33607,Tampa,Hillsborough,Central West
National Marine Suppliers,33315,Fort Lauderdale,Broward,South East
Riviera Facility-CBI,33404,West Palm Beach,Palm Beach,South East
Riviera Facility-CBI,33404,West Palm Beach,Palm Beach,South East
Roccos Tacos and Tequila Bar - Boca,33486,Boca Raton,Palm Beach,South East
Supreme Hotel and Restaurant Supply,33009,Hallandale,Broward,South East
Acqualina Management LLC Resup,33160,North Miami Beach,Miami-Dade,South East
American Food Equipment,33136,Miami,Miami-Dade,South East
American Food Equipment,33136,Miami,Miami-Dade,South East
American Food Equipment,33136,Miami,Miami-Dade,South East
Blue Water Bistro,33928,Estero,Lee,South West
Caps On The Water,32084,Saint Augustine,St Johns,North East
Caps On The Water,32084,Saint Augustine,St Johns,North East
Captain & Krewe,34102,Naples,Collier,South West
Casablanca,33304,Fort Lauderdale,Broward,South East
Clearwater Beach Marriott Stes,33767,Clearwater Beach,Pinellas,Central West
Corner Gourmet,34994,Stuart,Martin,South East
Crowne Plaza Melbourne,32903,Indialantic,Brevard,Central East
Cuvee Wine & Bistro,34471,Ocala,Marion,Central
Deck 84,33483,Delray Beach,Palm Beach,South East
Disney Wonder,32830,Orlando,Orange,Central
Fresh Diet Inc Miami,33127,Miami,Miami-Dade,South East
General Hotel,33016,Hialeah,Miami-Dade,South East
General Hotel,33016,Hialeah,Miami-Dade,South East
General Hotel,33016,Hialeah,Miami-Dade,South East
General Hotel,33016,Hialeah,Miami-Dade,South East
Hideway Beach Assoc Inc,34145,Marco Island,Collier,South West
Island Country Club,34145,Marco Island,Collier,South West
Isle At Pompano Park,33069,Pompano Beach,Broward,South East
JW Marriott Hotel Miami,33131,Miami,Miami-Dade,South East
Loews Miami Beach Hotel 179172,33139,Miami Beach,Miami-Dade,South East
Loews Miami Beach Hotel 179172,33139,Miami Beach,Miami-Dade,South East
Longboat Key Club,34228,Longboat Key,Sarasota,Central West
Longboat Key Club,34228,Longboat Key,Sarasota,Central West
miromar lakes beach club,33913,Fort Myers,Lee,South West
Norwood Seafood Rest,32169,New Smyrna Beach,Volusia,Central East
Plan Do See Miami,33167,Miami,Miami-Dade,South East
Rollot Designs Inc,33309,Fort Lauderdale,Broward,South East
The Local,34109,Naples,Collier,South West
The Sea,33446,Delray Beach,Palm Beach,South East
Tween Waters Inn,33924,Captiva,Lee,South West
Universal Studios,32819,Orlando,Orange,Central
Vanderbilt Country Club,34120,Naples,Collier,South West
WDW Animal Kingdom Lodge,32830,Orlando,Orange,Central
West Gables Rehab Hospital ,33155,Miami,Miami-Dade,South East
Yolo Las Olas,33301,Fort Lauderdale,Broward,South East
American Food Equipment,33136,Miami,Miami-Dade,South East
American Food Equipment,33136,Miami,Miami-Dade,South East
American Food Equipment,33136,Miami,Miami-Dade,South East
Bay House Restaurant,34110,Naples,Collier,South West
Big Bear Brewing Company,33071,Pompano Beach,Broward,South East
Big Game Bar and Grill,33931,Fort Myers Beach,Lee,South West
Boca Raton Resort Club,33432,Boca Raton,Palm Beach,South East
Boca Raton Resort Club,33432,Boca Raton,Palm Beach,South East
Brasserie Central,33146,Miami,Miami-Dade,South East
Cafe Catula,33173,Miami,Miami-Dade,South East
Culinary Convenience,33316,Fort Lauderdale,Broward,South East
Culinary Convenience,33316,Fort Lauderdale,Broward,South East
General Hotel,33016,Hialeah,Miami-Dade,South East
General Hotel,33016,Hialeah,Miami-Dade,South East
Gordon Food Service,33167,Miami,Miami-Dade,South East
Navy Cont Care Retirement Fund,32233,Atlantic Beach,Duval,North East
Palm Catering Hollywood,33021,Hollywood,Broward,South East
Palm Catering Hollywood,33021,Hollywood,Broward,South East
Pelican Cafe,33403,West Palm Beach,Palm Beach,South East
"Premier Cutlery Depot, LL",32824,Orlando,Orange,Central
Quantum,32808,Orlando,Orange,Central
Restaurant Warehouse,33309,Fort Lauderdale,Broward,South East
Ritz Carlton Amelia Island,32034,Fernandina Beach,Nassau,North East
Seminole Hard Rock Hotel and Casino,33314,Fort Lauderdale,Broward,South East
Sushi Yama Palm Beach Gardens,33410,Palm Beach Gardens,Palm Beach,South East
Wasserstrom,32219,Jacksonville,Duval,North East
Tomson Hospitality,33122,Miami,Miami-Dade,South East
Via Mizner Golf and Country Club,33433,Boca Raton,Palm Beach,South East
W South Beach Hotel & Residences,33139,Miami Beach,Miami-Dade,South East
W South Beach Hotel & Residences,33139,Miami Beach,Miami-Dade,South East
WDW Contemporary California Grill,32830,Orlando,Orange,Central
WDW Yacht & Beach,32830,Orlando,Orange,Central
Worth Ave Rest Inc,33480,Palm Beach,Palm Beach,South East
WYND - Shelborne Wyndham,33139,Miami Beach,Miami-Dade,South East
Addison Reserve Cntry Cb,33446,Delray Beach,Palm Beach,South East
"Alys Beach Pools, LLC",32413,Panama City Beach,Bay,North West
Blue Moon Hotel,33139,Miami Beach,Miami-Dade,South East
Bongos Cuban Cafe LBV,32830,Orlando,Orange,Central
Brasserie Central,33146,Miami,Miami-Dade,South East
Buddah Sky Bar,33444,Delray Beach,Palm Beach,South East
Chops City Grill,34135,Bonita Springs,Lee,South West
Culinary Convenience,33316,Fort Lauderdale,Broward,South East
Delano Hotel,33139,Miami Beach,Miami-Dade,South East
Diplomat Resort & Spa,33019,Hollywood,Broward,South East
Disney Fantasy,32830,Orlando,Orange,Central
Dolphin Hotel Association,32830,Orlando,Orange,Central
Eden Roc,33140,Miami Beach,Miami-Dade,South East
Eden Roc,33140,Miami Beach,Miami-Dade,South East
Falls Country Club Inc,33467,Lake Worth,Palm Beach,South East
Francesco's Ristorante,34491,Summerfield,Marion,Central
General Hotel,33016,Hialeah,Miami-Dade,South East
General Hotel,33016,Hialeah,Miami-Dade,South East
Gordon Food Service,34652,New Port Richey,Pasco,Central West
Hotel Zamora,33706,Saint Petersburg,Pinellas,Central West
John Ely,33050,Marathon,Monroe,South East
Jonathans Landing Inc,33477,Jupiter,Palm Beach,South East
JW Marriott Orlando,32837,Orlando,Orange,Central
Miami Airport Hilton,33126,Miami,Miami-Dade,South East
Palm Beach Yacht Club Assocate,33401,West Palm Beach,Palm Beach,South East
Peir House Resort & Caribbean Spa,33040,Key West,Monroe,South East
Plymouth Harbor,34236,Sarasota,Sarasota,Central West
Red Ginger Asian Bistro,33065,Pompano Beach,Broward,South East
Ritz Carlton Key Biscayne,33149,Key Biscayne,Miami-Dade,South East
Ritz Carlton Naples,34108,Naples,Collier,South West
Sabore,32669,Newberry,Alachua,North Central
University Center Club,32306,Tallahassee,Leon,North Central
Vines Grille & Wine Bar,32819,Orlando,Orange,Central
WDW Contemporary California Grill,32830,Orlando,Orange,Central
Wilderness Country Club,34105,Naples,Collier,South West
Casa Marina,33040,Key West,Monroe,South East
Crowne Plaza Downtown Kitchen,32801,Orlando,Orange,Central
Culinary Convenience,33316,Fort Lauderdale,Broward,South East
Doubletree Miami Mart,33126,Miami,Miami-Dade,South East
Jerico Restaurant Supply,33142,Miami,Miami-Dade,South East
Kensington Golf Country Club,34109,Naples,Collier,South West
Kesco/ Pensacola,32507,Pensacola,Escambia,North West
Oceania Health Club,33160,North Miami Beach,Miami-Dade,South East
Papas Tapas,33444,Delray Beach,Palm Beach,South East
Seminole Hard Rock Hotel and Casino,33610,Tampa,Hillsborough,Central West
W South Beach Hotel & Residences,33139,Miami Beach,Miami-Dade,South East
WDW Animal Kingdom Lodge,32830,Orlando,Orange,Central
WDW Yacht & Beach,32830,Orlando,Orange,Central
WDW Yacht & Beach,32830,Orlando,Orange,Central
12A Buoy,34950,Fort Pierce,St Lucie,Central East
"723 Whiskey Bravo, LLC",32459,Santa Rosa Beach,Walton,North West
American Girl Miami,33176,Miami,Miami-Dade,South East
City Oyster,33444,Delray Beach,Palm Beach,South East
Country Club at Woodfield,33496,Boca Raton,Palm Beach,South East
Farmers Table,33431,Boca Raton,Palm Beach,South East
Fontainbleau,33140,Miami Beach,Miami-Dade,South East
Fresh Harvest Restaurant,33073,Pompano Beach,Broward,South East
Glenmoor-Life Cart St. Johns,32092,Saint Augustine,St Johns,North East
Gordon Food Service,33563,Plant City,Hillsborough,Central West
Gordon Food Service,33167,Miami,Miami-Dade,South East
Gulfstream Bath Club,33483,Delray Beach,Palm Beach,South East
Hilton Cocoa Beach ,32931,Cocoa Beach,Brevard,Central East
Hilton Fort Lauderdale,33304,Fort Lauderdale,Broward,South East
Kansas Marine,33179,Miami,Miami-Dade,South East
Nauti Dawg Cafe,33064,Pompano Beach,Broward,South East
New York Pizza and Pasta,34110,Naples,Collier,South West
Seminole CC Banqets,33073,Pompano Beach,Broward,South East
Sharkys Restaurant ,34285,Venice,Sarasota,Central West
Social House,33460,Lake Worth,Palm Beach,South East
Strand Golf Club,34110,Naples,Collier,South West
Supreme Hotel and Restaurant Supply,33009,Hallandale,Broward,South East
Supreme Hotel and Restaurant Supply,33009,Hallandale,Broward,South East
Tierra del Sol,32159,Lady Lake,Lake,Central
Tomson Hospitality,33122,Miami,Miami-Dade,South East
Walt Disney World Swan,32830,Orlando,Orange,Central
WDW Epcot Canada,32830,Orlando,Orange,Central
Worth Ave Rest Inc,33480,Palm Beach,Palm Beach,South East
Biscottis Expresso Cafe,32205,Jacksonville,Duval,North East
Biscottis Expresso Cafe,32205,Jacksonville,Duval,North East
Eckerd College,33711,Saint Petersburg,Pinellas,Central West
General Hotel,33016,Hialeah,Miami-Dade,South East
General Hotel,33016,Hialeah,Miami-Dade,South East
Marriot-Delray Beach ,33483,Delray Beach,Palm Beach,South East
Marriott-Delray Beach ,33483,Delray Beach,Palm Beach,South East
R.W. Smith Co.,33167,Miami,Miami-Dade,South East
S-3,33304,Fort Lauderdale,Broward,South East
SLS Hotel South Beach,33139,Miami Beach,Miami-Dade,South East
WDW Boardwalk Resort,32830,Orlando,Orange,Central
AZN Azian Cuizine ,34108,Naples,Collier,South West
Barton G The Restaurant,33139,Miami Beach,Miami-Dade,South East
Disney Dream,32830,Orlando,Orange,Central
Disney Fantasy,32830,Orlando,Orange,Central
Disney Magic ,32830,Orlando,Orange,Central
Disney Wonder,32830,Orlando,Orange,Central
Element Miami Intl Airport,33142,Miami,Miami-Dade,South East
Flippers on the Bay,33931,Fort Myers Beach,Lee,South West
General Hotel,33016,Hialeah,Miami-Dade,South East
Grand Harbor Beach Club,32963,Vero Beach,Indian River,Central East
Hotel Zamora,33706,Saint Petersburg,Pinellas,Central West
Ocean Prime #41,33607,Tampa,Hillsborough,Central West
Ocean Prime #41,33607,Tampa,Hillsborough,Central West
Quantum,32808,Orlando,Orange,Central
Roccos Tacos and Tequila Bar - Boca,33486,Boca Raton,Palm Beach,South East
S-3,33304,Fort Lauderdale,Broward,South East
Seminole CC Sorrisi,33073,Pompano Beach,Broward,South East
Sheraton Suites Fort Lauderdale,33309,Fort Lauderdale,Broward,South East
SLS Hotel South Beach,33139,Miami Beach,Miami-Dade,South East
Wasserstrom,32219,Jacksonville,Duval,North East
WDW Contemporary Resort F B ,32830,Orlando,Orange,Central
WDW Hollywood Studios Brown Derby,32830,Orlando,Orange,Central
WDW Yacht & Beach,32830,Orlando,Orange,Central
American Girl Orlando ,32809,Orlando,Orange,Central
Black Diamond Golf Club,34461,Lecanto,Citrus,Central West
Boca Raton Resort Club,33432,Boca Raton,Palm Beach,South East
Brentwood Senior Living,33707,Saint Petersburg,Pinellas,Central West
Cafe L Europe,34236,Sarasota,Sarasota,Central West
Cocina 24,32789,Winter Park,Orange,Central
Coya Restaurants,33131,Miami,Miami-Dade,South East
Culinary Convenience,33316,Fort Lauderdale,Broward,South East
Culinary Convenience,33316,Fort Lauderdale,Broward,South East
Culinary Convenience,33316,Fort Lauderdale,Broward,South East
Culinary Convenience,33316,Fort Lauderdale,Broward,South East
Culinary Convenience,33316,Fort Lauderdale,Broward,South East
Culinary Convenience,33316,Fort Lauderdale,Broward,South East
Culinary Convenience,33316,Fort Lauderdale,Broward,South East
Francesco's Ristorante,34491,Summerfield,Marion,Central
General Hotel,33016,Hialeah,Miami-Dade,South East
General Hotel,33016,Hialeah,Miami-Dade,South East
Gulf Harbour Golf & CC 51483EG,33908,Fort Myers,Lee,South West
Gulf Harbour Golf & CC 51483EG,33908,Fort Myers,Lee,South West
Hilton Garden Inn (Miramar),33027,Hollywood,Broward,South East
Intercontinental Miami,33131,Miami,Miami-Dade,South East
Intercontinental Miami,33131,Miami,Miami-Dade,South East
Katie Belles at the Village,32159,Lady Lake,Lake,Central
Kres Chophouse,32801,Orlando,Orange,Central
Mandarin Oriental Miami,33131,Miami,Miami-Dade,South East
Mandarin Oriental Miami,33131,Miami,Miami-Dade,South East
Moxie Kitchen and Cocktails,32246,Jacksonville,Duval,North East
Moxie Kitchen and Cocktails,32246,Jacksonville,Duval,North East
PGA National Resort and Spa,33148,Miami,Miami-Dade,South East
Ritz Carlton South Beach ,33139,Miami Beach,Miami-Dade,South East
Roccos Tacos and Tequila Bar - Orlando ,32819,Orlando,Orange,Central
Sea The,33446,Delray Beach,Palm Beach,South East
Seminole Blue Plate,33314,Fort Lauderdale,Broward,South East
Seminole Indian Casino Hollywood,33021,Hollywood,Broward,South East
Shore Diner,34236,Sarasota,Sarasota,Central West
Sushi Maki South Miami,33143,Miami,Miami-Dade,South East
Tommy Bahama Cafe Emporium ,34102,Naples,Collier,South West
World Golf Resort,32092,Saint Augustine,St Johns,North East
American Food Equipment,33136,Miami,Miami-Dade,South East
American Food Equipment,33136,Miami,Miami-Dade,South East
Bice,34102,Naples,Collier,South West
Bice,34102,Naples,Collier,South West
Compass/ Fultons Crab House,32830,Orlando,Orange,Central
Florida Keys Lobster House,33050,Marathon,Monroe,South East
Fooq's,33136,Miami,Miami-Dade,South East
Grand Cafe Key West,33040,Key West,Monroe,South East
H2 Tapas & Wine Bar,33901,Fort Myers,Lee,South West
H2 Tapas & Wine Bar,33901,Fort Myers,Lee,South West
Harbour Ridge Country Club Inc,34990,Palm City,Martin,South East
Intercontinental Miami,33131,Miami,Miami-Dade,South East
Intercontinental Miami,33131,Miami,Miami-Dade,South East
Marco Prime Steaks & Seafood,34145,Marco Island,Collier,South West
Marco Prime Steaks & Seafood,34145,Marco Island,Collier,South West
Marriott Orlando World Resort & Convention Center,32821,Orlando,Orange,Central
National Marine Suppliers,33315,Fort Lauderdale,Broward,South East
Renaissance Orlando Resort,32821,Orlando,Orange,Central
Residence Inn Lake Mary,32746,Lake Mary,Seminole,Central
Riviera Facility-CBI,33404,West Palm Beach,Palm Beach,South East
Riviera Facility-CBI,33404,West Palm Beach,Palm Beach,South East
Riviera Facility-CBI,33404,West Palm Beach,Palm Beach,South East
Seminole Sunset Grill,33073,Pompano Beach,Broward,South East
Spoto's Oyster Bar Stuart,34994,Stuart,Martin,South East
Tampa Pizza Company,33602,Tampa,Hillsborough,Central West
The Lido At The Standard Hotel,33139,Miami Beach,Miami-Dade,South East
The Perfect Caper KD G,33950,Punta Gorda,Charlotte,South West
The Perfect Caper KD G,33950,Punta Gorda,Charlotte,South West
Trump International Beach Resort,33160,North Miami Beach,Miami-Dade,South East
Cafe Boulud,33480,Palm Beach,Palm Beach,South East
General Hotel,33016,Hialeah,Miami-Dade,South East
Hilton Cocoa Beach ,32931,Cocoa Beach,Brevard,Central East
Hilton Garden Airport Embassy,32114,Daytona Beach,Volusia,Central East
Hudson's ,33483,Delray Beach,Palm Beach,South East
Island House,33040,Key West,Monroe,South East
Lido Beach Resort,34236,Sarasota,Sarasota,Central West
Mar-A-Lago Club LLC,33480,Palm Beach,Palm Beach,South East
Moon Thai & Japanese ,33146,Miami,Miami-Dade,South East
Nevermind Awesome Bar and Bake,33904,Cape Coral,Lee,South West
Nevermind Awesome Bar and Bake,33904,Cape Coral,Lee,South West
Seminole Production ,33314,Fort Lauderdale,Broward,South East
Surfcomber Hotel,33139,Miami Beach,Miami-Dade,South East
Talis Park Golf Club,34110,Naples,Collier,South West
Tee Jay Thai Sushi,33305,Fort Lauderdale,Broward,South East
Thai House II,33160,North Miami Beach,Miami-Dade,South East
Tierra del Sol,32159,Lady Lake,Lake,Central
Universal Studios,32819,Orlando,Orange,Central
WDW Contemporary Resort F B ,32830,Orlando,Orange,Central
Worth Ave Rest Inc,33480,Palm Beach,Palm Beach,South East
Angelinas Risotrante,34134,Bonita Springs,Lee,South West
Armadillo Cafe,33434,Boca Raton,Palm Beach,South East
Bongos Cuban Cafe LBV,32830,Orlando,Orange,Central
Cafe Dufrain,33602,Tampa,Hillsborough,Central West
Cafe Dufrain,33602,Tampa,Hillsborough,Central West
Captain & Krewe,34102,Naples,Collier,South West
Clevelander Hotel,33139,Miami Beach,Miami-Dade,South East
Club at Pelican Bay,34108,Naples,Collier,South West
Culinary Convenience,33316,Fort Lauderdale,Broward,South East
Culinary Convenience,33316,Fort Lauderdale,Broward,South East
Harborside,33880,Winter Haven,Polk,Central
Hilton Cocoa Beach ,32931,Cocoa Beach,Brevard,Central East
Hilton Orlando,32819,Orlando,Orange,Central
Hilton Orlando,32819,Orlando,Orange,Central
Holiday Inn,33140,Miami Beach,Miami-Dade,South East
JW Marriott Orlando,32837,Orlando,Orange,Central
Marenas Beach Resort and Spa,33160,North Miami Beach,Miami-Dade,South East
Marriott Biscayne Bay Htl,33132,Miami,Miami-Dade,South East
Marriott Harbor Beach,33316,Fort Lauderdale,Broward,South East
Marriott Harbor Beach,33316,Fort Lauderdale,Broward,South East
Marriott Harbor Beach,33316,Fort Lauderdale,Broward,South East
Naples Sailing 7 Y c/ Retail,34102,Naples,Collier,South West
Rosies Bar and Grill,33305,Fort Lauderdale,Broward,South East
Sea The,33446,Delray Beach,Palm Beach,South East
Seminole Beach Club,33314,Fort Lauderdale,Broward,South East
Shore Diner,34236,Sarasota,Sarasota,Central West
Southern Dunes Golf & C/C ,33844,Haines City,Polk,Central
Sysco foodservices Central Florida,34761,Ocoee,Orange,Central
Tomson Hospitality,33122,Miami,Miami-Dade,South East
Vines Grille & Wine Bar,32819,Orlando,Orange,Central
WDW Boardwalk Resort,32830,Orlando,Orange,Central
Casa Mia Trattoria,33181,Miami,Miami-Dade,South East
Culinary Convenience,33316,Fort Lauderdale,Broward,South East
Delray Sands Resort,33487,Boca Raton,Palm Beach,South East
Diplomat Resort & Spa,33019,Hollywood,Broward,South East
Diplomat Resort & Spa,33019,Hollywood,Broward,South East
General Hotel,33016,Hialeah,Miami-Dade,South East
Gordon Food Service,33167,Miami,Miami-Dade,South East
"Hooters (Cantonment, Fl)",32533,Cantonment,Escambia,North West
Jerico Restaurant Supply,33142,Miami,Miami-Dade,South East
Katsuya Miami,33139,Miami Beach,Miami-Dade,South East
New York Pizza and Pasta,34110,Naples,Collier,South West
St Regis Bal Harbor,33154,Miami Beach,Miami-Dade,South East
W South Beach Hotel & Residences,33139,Miami Beach,Miami-Dade,South East
WDW Be Our Guest,32830,Orlando,Orange,Central
WDW Be Our Guest,32830,Orlando,Orange,Central
Amazing Frames USA,32819,Orlando,Orange,Central
American Food Equipment,33136,Miami,Miami-Dade,South East
Arthurs Catering,32714,Altamonte Springs,Seminole,Central
Bay House Restaurant,34110,Naples,Collier,South West
BluMangrove Grill,34221,Palmetto,Manatee,Central West
BluMangrove Grill,34221,Palmetto,Manatee,Central West
C Level,34134,Bonita Springs,Lee,South West
Culinary Convenience,33316,Fort Lauderdale,Broward,South East
Garden Taco - PGA,33418,Palm Beach Gardens,Palm Beach,South East
Hilton at WDW Resort,32830,Orlando,Orange,Central
Jonathans Landing Inc,33477,Jupiter,Palm Beach,South East
La Tavola,34145,Marco Island,Collier,South West
Loews Miami Beach Hotel 179172,33139,Miami Beach,Miami-Dade,South East
Martin Mem Hosp Assn Inc,34994,Stuart,Martin,South East
National Marine Suppliers,33315,Fort Lauderdale,Broward,South East
Sky Asian Fusion,34474,Ocala,Marion,Central
Wasserstrom,32219,Jacksonville,Duval,North East
Tween Waters Inn,33924,Captiva,Lee,South West
WDW Animal Kingdom Lodge,32830,Orlando,Orange,Central
WDW Cinderella Royal Table,32830,Orlando,Orange,Central
Commercial Glass & Restaurant,34104,Naples,Collier,South West
Compass-Univeristy ,33146,Miami,Miami-Dade,South East
Compass-Univeristy ,33146,Miami,Miami-Dade,South East
Culinary Convenience,33316,Fort Lauderdale,Broward,South East
Disney Wonder,32830,Orlando,Orange,Central
Dolphin Hotel Association,32830,Orlando,Orange,Central
Dolphin Hotel Association,32830,Orlando,Orange,Central
Dolphin Hotel Association,32830,Orlando,Orange,Central
Dolphin Hotel Association,32830,Orlando,Orange,Central
Dolphin Hotel Association,32830,Orlando,Orange,Central
Dolphin Hotel Association,32830,Orlando,Orange,Central
General Hotel,33016,Hialeah,Miami-Dade,South East
General Hotel,33016,Hialeah,Miami-Dade,South East
"Jupiter Beach Resort TRS, LLC",33477,Jupiter,Palm Beach,South East
New Wave Design Group,33316,Fort Lauderdale,Broward,South East
New Wave Design Group,33316,Fort Lauderdale,Broward,South East
Oceans 234,33441,Deerfield Beach,Broward,South East
Oceans 234,33441,Deerfield Beach,Broward,South East
Players Club & Spa,34113,Naples,Collier,South West
Plymouth Harbor,34236,Sarasota,Sarasota,Central West
Puff N Stuff Catering ,32810,Orlando,Orange,Central
Sandcastle Resort,34236,Sarasota,Sarasota,Central West
Sandcastle Resort,34236,Sarasota,Sarasota,Central West
Supreme Hotel and Restaurant Supply,33009,Hallandale,Broward,South East
Supreme Hotel and Restaurant Supply,33009,Hallandale,Broward,South East
WDW Cinderella Royal Table,32830,Orlando,Orange,Central
WDW Cinderella Royal Table,32830,Orlando,Orange,Central
WDW Cinderella Royal Table,32830,Orlando,Orange,Central
Westin Ft Lauderdale,33334,Fort Lauderdale,Broward,South East
Aly's Beach Resort,32401,Panama City,Bay,North West
American Food Equipment,33136,Miami,Miami-Dade,South East
Cafe Andiamo,32082,Ponte Vedra Beach,St Johns,North East
Culinary Convenience,33316,Fort Lauderdale,Broward,South East
Disney Dream,32830,Orlando,Orange,Central
Disney Wonder,32830,Orlando,Orange,Central
Dolphin Hotel Association,32830,Orlando,Orange,Central
Edward Don,60517,Wwa,kask,Central
Element Miami Doral,33172,Miami,Miami-Dade,South East
Fogo De Chao Orlando Cap Ex,32819,Orlando,Orange,Central
General Hotel,33016,Hialeah,Miami-Dade,South East
General Hotel,33016,Hialeah,Miami-Dade,South East
Mandarin Oriental Miami,33131,Miami,Miami-Dade,South East
Naples Beach Hotel & Golf Club,34102,Naples,Collier,South West
Novecento Bistro,33131,Miami,Miami-Dade,South East
Pelican Grand Beach Resort,33305,Fort Lauderdale,Broward,South East
Ponte Vedra Inn & Club,32082,Ponte Vedra Beach,St Johns,North East
Rollot Designs Inc,33309,Fort Lauderdale,Broward,South East
Saddlebrook Resorts Inc,33543,Wesley Chapel,Pasco,Central West
West Kendall Baptist ,33196,Miami,Miami-Dade,South East
West Kendall Baptist ,33196,Miami,Miami-Dade,South East
Wolfe Hospitality,32830,Orlando,Orange,Central
A Chair Affair ,33811,Lakeland,Polk,Central
Admirals Inn Miami Intl Airport,33142,Miami,Miami-Dade,South East
American Food Equipment,33136,Miami,Miami-Dade,South East
American Food Equipment,33136,Miami,Miami-Dade,South East
Bostons on the Beach,33483,Delray Beach,Palm Beach,South East
Bostons on the Beach,33483,Delray Beach,Palm Beach,South East
Cut 432,33483,Delray Beach,Palm Beach,South East
General Hotel,33016,Hialeah,Miami-Dade,South East
General Hotel,33016,Hialeah,Miami-Dade,South East
Grand Beach Hotel,33154,Miami Beach,Miami-Dade,South East
Grand Beach Hotel,33154,Miami Beach,Miami-Dade,South East
GSI 7004 Marbella,34108,Naples,Collier,South West
Hyde Out,33606,Tampa,Hillsborough,Central West
Luma on Park,32789,Winter Park,Orange,Central
Max's Social House,33483,Delray Beach,Palm Beach,South East
Miami Airport Hilton,33126,Miami,Miami-Dade,South East
Residence Inn - MCORY,32746,Lake Mary,Seminole,Central
Rollot Designs Inc,33309,Fort Lauderdale,Broward,South East
Sysco foodservices Central Florida,32819,Orlando,Orange,Central
Tee Jay Thai Sushi,33305,Fort Lauderdale,Broward,South East
Thai House II,33160,North Miami Beach,Miami-Dade,South East
The Garlic,32169,New Smyrna Beach,Volusia,Central East
The Garlic,32169,New Smyrna Beach,Volusia,Central East
Wasserstrom,32219,Jacksonville,Duval,North East
Wall St Cantina,32801,Orlando,Orange,Central
Walt Disney World Swan,32830,Orlando,Orange,Central
Walt Disney World Swan,32830,Orlando,Orange,Central
Walt Disney World Swan,32830,Orlando,Orange,Central
WDW Coronado Springs Resort,32830,Orlando,Orange,Central
WDW Yacht & Beach,32830,Orlando,Orange,Central
Westgate Myrtle Beach,32830,Orlando,Orange,Central
Westgate Myrtle Beach,32830,Orlando,Orange,Central
Westin-Key West,33040,Key West,Monroe,South East
Wildcat Run,33928,Estero,Lee,South West
Wildcat Run,33928,Estero,Lee,South West
Agave Bar & Grill,34109,Naples,Collier,South West
Bath and Tennis Club Inc,33480,Palm Beach,Palm Beach,South East
Boca Woods Country Club Inc,33428,Boca Raton,Palm Beach,South East
Brick Restaurant,32205,Jacksonville,Duval,North East
Brookdale Cypress Village ,32224,Jacksonville,Duval,North East
Casa Marina,33040,Key West,Monroe,South East
Coral Ridge Country Club,33308,Fort Lauderdale,Broward,South East
Culinary Convenience,33316,Fort Lauderdale,Broward,South East
Delray Beach Club,33483,Delray Beach,Palm Beach,South East
Francesco's Ristorante,34491,Summerfield,Marion,Central
General Hotel,33016,Hialeah,Miami-Dade,South East
General Hotel,33016,Hialeah,Miami-Dade,South East
General Hotel,33016,Hialeah,Miami-Dade,South East
Naples Beach Hotel & Golf Club,34102,Naples,Collier,South West
O'Bricks Irish Pub LLC,34205,Bradenton,Manatee,Central West
Palm Beach Yacht Club Assocate,33401,West Palm Beach,Palm Beach,South East
Palm Beach Yacht Club Assocate,33401,West Palm Beach,Palm Beach,South East
Ponte Vedra Inn & Club,32082,Ponte Vedra Beach,St Johns,North East
S-3,33304,Fort Lauderdale,Broward,South East
Saddlebrook Resorts Inc,33543,Wesley Chapel,Pasco,Central West
Wall St Cantina,32801,Orlando,Orange,Central
Wyndham Bonnet Creek,32821,Orlando,Orange,Central
Acqualina Management LLC Resup,33160,North Miami Beach,Miami-Dade,South East
Cheeca Lodge & Spa,33036,Islamorada,Monroe,South East
Dolphin Hotel Association,32830,Orlando,Orange,Central
Doubletree Hotel Orlando Downtown,32804,Orlando,Orange,Central
Hilton Fort Lauderdale,33304,Fort Lauderdale,Broward,South East
Kansas Marine,33179,Miami,Miami-Dade,South East
Kensington Golf Country Club,34109,Naples,Collier,South West
Kessler Collection,32811,Orlando,Orange,Central
Key West Marriott,33040,Key West,Monroe,South East
Khong Restaurant,33139,Miami Beach,Miami-Dade,South East
Lynn University Sodexo,33431,Boca Raton,Palm Beach,South East
Red Mesa Cantina,33701,Saint Petersburg,Pinellas,Central West
Riviera Facility-CBI,33404,West Palm Beach,Palm Beach,South East
Rollot Designs Inc,33309,Fort Lauderdale,Broward,South East
Seminole Hardrock Offsite Warehouse,33312,Fort Lauderdale,Broward,South East
Supreme Hotel and Restaurant Supply,33009,Hallandale,Broward,South East
Suzy Qs Hometown Diner,33458,Jupiter,Palm Beach,South East
Sysco foodservices Central Florida,33178,Miami,Miami-Dade,South East
Universal Studios,32819,Orlando,Orange,Central
WDW Animal Kingdom Lodge,32830,Orlando,Orange,Central
12A Buoy,34950,Fort Pierce,St Lucie,Central East
Arbor Terrace @ Citrus Park,33626,Tampa,Hillsborough,Central West
Casa Marina,33040,Key West,Monroe,South East
Club At Barefoot Beach,34134,Bonita Springs,Lee,South West
D Angelos Pizza ,33308,Fort Lauderdale,Broward,South East
Flippers on the Bay,33931,Fort Myers Beach,Lee,South West
Guppy's On The Beach ,33785,Indian Rocks Beach,Pinellas,Central West
Hilton Hotel Tampa,33602,Tampa,Hillsborough,Central West
Hyatt Regency Pier 66,33316,Fort Lauderdale,Broward,South East
Kaiyo,33036,Islamorada,Monroe,South East
Restaurant Warehouse,33309,Fort Lauderdale,Broward,South East
Ritz Carlton Naples,34108,Naples,Collier,South West
Rollot Designs Inc,33309,Fort Lauderdale,Broward,South East
Streamsong Resort Lodge ,33834,Bowling Green,Hardee,Central
Sweet Melissa's ,33957,Sanibel,Lee,South West
Waterstone Resort Doubletree,33432,Boca Raton,Palm Beach,South East
WDW Art of Animation F & B,32830,Orlando,Orange,Central
Carolina Catering,34104,Naples,Collier,South West
Hospice of Palm Beach ,33407,West Palm Beach,Palm Beach,South East
Seminole Beach Club,33314,Fort Lauderdale,Broward,South East
Seminole Sunset Grill,33073,Pompano Beach,Broward,South East
WDW Boardwalk Resort,32830,Orlando,Orange,Central
Watercolor Warehouse,32459,Santa Rosa Beach,Walton,North West
Sharkys Restaurant ,34285,Venice,Sarasota,Central West
Arrowpac,32254,Jacksonville,Duval,North East
Bretts,32034,Fernandina Beach,Nassau,North East
World Golf Resort,32092,Saint Augustine,St Johns,North East
Breakers Hotel,33480,Palm Beach,Palm Beach,South East
Biscottis Expresso Cafe,32205,Jacksonville,Duval,North East
Westgate Myrtle Beach,32205,Jacksonville,Duval,North East
Compass/Wuesthoff Town Square,32940,Melbourne,Brevard,Central East
Skyview Country Club,34442,Hernando,Citrus,Central West
#306 Cantina Laredo-Sandestin,32550,Miramar Beach,Walton,North West
Westin-Key West,33040,Key West,Monroe,South East
Dolphin Hotel Association,32830,Orlando,Orange,Central
WDW DCL Fantasy Cruise,32832,Orlando,Orange,Central
Olde Cypress Club,34119,Naples,Collier,South West
Epcot Japan Mitsukoshi USA Inc,32830,Orlando,Orange,Central
Gaylord Palms Resort Loading Dock,34746,Kissimmee,Osceola,Central
Hobnob,34102,Naples,Collier,South West
Haven Wine Bar,33606,Tampa,Hillsborough,Central West
WDW Grand Floridian Beach,32830,Orlando,Orange,Central
Bay House Restaurant,34110,Naples,Collier,South West
WDW Cinderella Royal Table,32830,Orlando,Orange,Central
Station 400,34236,Sarasota,Sarasota,Central West
400 Beach Seafood & Tap House,33701,Saint Petersburg,Pinellas,Central West
Bay House Restaurant,34110,Naples,Collier,South West
Samoset Resort- Rockport,34110,Naples,Collier,South West
Patanegra Tapas,33701,Saint Petersburg,Pinellas,Central West
Gordon Food Service,33563,Plant City,Hillsborough,Central West
Sheraton Safari,32836,Orlando,Orange,Central
The Wasserstrom Company,32219,Jacksonville,Duval,North East
WDW Harambe ,32830,Orlando,Orange,Central
The Wasserstrom Company,32219,Jacksonville,Duval,North East
Shore Diner,34236,Sarasota,Sarasota,Central West
WDW Be Our Guest,32830,Orlando,Orange,Central
Gulf View Grill No Bch Rd Inc,34223,Englewood,Sarasota,Central West
WDW Hollywood Studios Brown Derby,32830,Orlando,Orange,Central
WDW Animal Kingdom Lodge,32830,Orlando,Orange,Central
Rollot Designs Inc,33309,Fort Lauderdale,Broward,South East
Farmers Table,33431,Boca Raton,Palm Beach,South East
Christopher's Kitchen-Front of the House,33418,Palm Beach Gardens,Palm Beach,South East
Casa Marina,33040,Key West,Monroe,South East
General Hotel,33016,Hialeah,Miami-Dade,South East
American Food Equipment,33136,Miami,Miami-Dade,South East
Culinary Convenience,33316,Fort Lauderdale,Broward,South East
Seminole Hardrock Hotel and Casino,33314,Fort Lauderdale,Broward,South East
Key West Marriott,33040,Key West,Monroe,South East
Food Service Co-Op,33326,Fort Lauderdale,Broward,South East
Big City Tavern Las Olas,33301,Fort Lauderdale,Broward,South East
Restaurant Warehouse,33309,Fort Lauderdale,Broward,South East
The Restaurant Store,33040,Key West,Monroe,South East
A&B Lobster House,33040,Key West,Monroe,South East
Marriott Harbor Beach,33316,Fort Lauderdale,Broward,South East
S-3 ,33304,Fort Lauderdale,Broward,South East
Maimi Aqua Tours,33132,Miami,Miami-Dade,South East
The Angler's Resort,33139,Miami Beach,Miami-Dade,South East
Coconuts Bahama Grill LLC,33316,Fort Lauderdale,Broward,South East
Clevelander Hotel,33139,Miami Beach,Miami-Dade,South East
BYEF-Sky Bar,33139,Miami Beach,Miami-Dade,South East
Roccos Tacos FT Laud,33301,Fort Lauderdale,Broward,South East
Fooq's,33136,Miami,Miami-Dade,South East
Grand Oaks Of Jensen Beach,34957,Jensen Beach,Martin,South East
Sushi Sake ,33126,Miami,Miami-Dade,South East
Cuzco Brickell Cocina Peruana Inc,33130,Miami,Miami-Dade,South East
Florida Yacht Management,33312,Fort Lauderdale,Broward,South East
Seminole Hard Rock Hotel and Casino,33312,Fort Lauderdale,Broward,South East
Fisher Island Club Inc,33314,Fort Lauderdale,Broward,South East
Fisher Island Club Inc,33109,Miami Beach,Miami-Dade,South East
Culinary Convenience,33109,Miami Beach,Miami-Dade,South East
Grand Beach Hotel,33316,Fort Lauderdale,Broward,South East
Tomson Hospitality,33140,Miami Beach,Miami-Dade,South East
Frenchmans Reserve Country Club,33122,Miami,Miami-Dade,South East
Gordon Food Service,33410,Palm Beach Gardens,Palm Beach,South East
Wynwood Kitchen and Bar LLC,33167,Miami,Miami-Dade,South East
The  White Elephant,33127,Miami,Miami-Dade,South East
Canyon Restaurant,33414,Wellington,Palm Beach,South East
Admirals Miami Intl Airport,33304,Fort Lauderdale,Broward,South East
American Food Equipment,33142,Miami,Miami-Dade,South East
Fooq's,33136,Miami,Miami-Dade,South East
Culinary Convenience,33136,Miami,Miami-Dade,South East
Sundy House,33136,Miami,Miami-Dade,South East
Redbury Hotel/Cleo Restaurant,33444,Delray Beach,Palm Beach,South East
Gordon Food Service,33139,Miami Beach,Miami-Dade,South East
Seminole Beach Club,33167,Miami,Miami-Dade,South East
Seminole Production ,33314,Fort Lauderdale,Broward,South East
Gates,33314,Fort Lauderdale,Broward,South East
Element Miami Intl Airport,33040,Key West,Monroe,South East
Culinary Convenience,33142,Miami,Miami-Dade,South East
Whitehall,33316,Fort Lauderdale,Broward,South East
Crowne Plaza Melbourne,33139,Miami Beach,Miami-Dade,South East
Intercontinental Miami,32903,Indialantic,Brevard,Central East
Scarfones Resturant,33131,Miami,Miami-Dade,South East
Palma Ceia Golf Club,33076,Pompano Beach,Broward,South East
Wa Boca Raton Beach Club,33629,Tampa,Hillsborough,Central West
Mandarin Oriental Hotel,33432,Boca Raton,Palm Beach,South East
Seminole Plum Bar,33131,Miami,Miami-Dade,South East
Seminole Council Oak,33314,Fort Lauderdale,Broward,South East
Sharkys Restaurant ,33314,Fort Lauderdale,Broward,South East
W South Beach Hotel & Residences,34285,Venice,Sarasota,Central West
Z Grille 2 KD G,33139,Miami Beach,Miami-Dade,South East
Cassis American Brasserie,33701,Saint Petersburg,Pinellas,Central West
Cocina 214 ,33701,Saint Petersburg,Pinellas,Central West
Cleo Miami,32789,Winter Park,Orange,Central
Sonesta Bayfront Hotel,33139,Miami Beach,Miami-Dade,South East
Gulf Harbour Yacht & Country club,33133,Miami,Miami-Dade,South East
Rollot Designs Inc,33908,Fort Myers,Lee,South West
Thai Jo,33309,Fort Lauderdale,Broward,South East
Marriott Harbor Beach,33401,West Palm Beach,Palm Beach,South East
Centre Club Tampa,33316,Fort Lauderdale,Broward,South East
Seminole Hard Rock Hotel and Casino,33609,Tampa,Hillsborough,Central West
Hyde Out,33314,Fort Lauderdale,Broward,South East
Seminole CC Sorrisi,33606,Tampa,Hillsborough,Central West
Seminole Casino CC Fresh Harvest,33073,Pompano Beach,Broward,South East
Seminole Council Oak,33073,Pompano Beach,Broward,South East
Seminole Blue Plate,33314,Fort Lauderdale,Broward,South East
WDW Grand Floridian Beach,33314,Fort Lauderdale,Broward,South East
Four Seasons Hotel Miami,32830,Orlando,Orange,Central
Four Seasons Hotel Miami,33131,Miami,Miami-Dade,South East
General Hotel,33131,Miami,Miami-Dade,South East
Rollot Designs Inc,33016,Hialeah,Miami-Dade,South East
Rollot Designs Inc,33309,Fort Lauderdale,Broward,South East
American Food Equipment,33309,Fort Lauderdale,Broward,South East
General Hotel,33136,Miami,Miami-Dade,South East
Culinary Convenience,33016,Hialeah,Miami-Dade,South East
WDW Boardwalk Resort,33316,Fort Lauderdale,Broward,South East
Brasserie Central,32830,Orlando,Orange,Central
L&J Seafood ,33146,Miami,Miami-Dade,South East
Glenridge on Palmer Ranch Inc,33178,Miami,Miami-Dade,South East
WDW Contemporary Resort F B ,34238,Sarasota,Sarasota,Central West
Restaurant People Bch Blvd,32830,Orlando,Orange,Central
WDW Hollywood Studios Mama Melrose,33304,Fort Lauderdale,Broward,South East
WDW Hollywood Studios Mama Melrose,32824,Orlando,Orange,Central
Palm City Grill,32824,Orlando,Orange,Central
Roccos Tacos & Tequila Bar - W Palm,34990,Palm City,Martin,South East
Marriott Waterside,33401,West Palm Beach,Palm Beach,South East
Streamsong Resort   ,33602,Tampa,Hillsborough,Central West
Levy-Marlins Ballpark,33834,Bowling Green,Hardee,Central
Kasa-Food,33125,Miami,Miami-Dade,South East
Zen Bistro,32801,Orlando,Orange,Central
St. Andrews Country Club,32114,Daytona Beach,Volusia,Central East
Bayside A Seafood Grill & Bar,33496,Boca Raton,Palm Beach,South East
WDW Main Street North Foods,34103,Naples,Collier,South West
Tomson Hospitality,32830,Orlando,Orange,Central
Rollot Designs Inc,33122,Miami,Miami-Dade,South East
Culinary Convenience,33309,Fort Lauderdale,Broward,South East
American Food Equipment,33316,Fort Lauderdale,Broward,South East
Bella Brava,33136,Miami,Miami-Dade,South East
Oceans Ten,33701,Saint Petersburg,Pinellas,Central West
American Food Equipment,33139,Miami Beach,Miami-Dade,South East
Innisbrook Resort & Golf Club,33136,Miami,Miami-Dade,South East
Fla UNT Presb Homes Inc,34684,Palm Harbor,Pinellas,Central West
WDW Yacht & Beach Club Resort,33083,Hollywood,Broward,South East
Acqualina   ,32830,Orlando,Orange,Central
American Food Equipment,33160,North Miami Beach,Miami-Dade,South East
"Creative Breakfast Concepts, Inc.",33136,Miami,Miami-Dade,South East
WDW Animal Kingdom Lodge,32763,Orange City,Volusia,Central East
Culinary Convenience,32830,Orlando,Orange,Central
American Food Equipment,33316,Fort Lauderdale,Broward,South East
Universal Studios,33136,Miami,Miami-Dade,South East
Worth Ave Rest Inc,32819,Orlando,Orange,Central
Hobnob,33480,Palm Beach,Palm Beach,South East
Culinary Convenience,34102,Naples,Collier,South West
Food Service Co-Op,33316,Fort Lauderdale,Broward,South East
The Wasserstrom Company,33326,Fort Lauderdale,Broward,South East
Roux Restaurant,32219,Jacksonville,Duval,North East
The Governor's Club,33611,Tampa,Hillsborough,Central West
Canyon Restaurant,32301,Tallahassee,Leon,North Central
Agave Southwest Grill KD G,33304,Fort Lauderdale,Broward,South East
Quality Meats,34109,Naples,Collier,South West
Barton G The Restaurant,33139,Miami Beach,Miami-Dade,South East
Epicure G,33139,Miami Beach,Miami-Dade,South East
Dolphin Hotel Association,34236,Sarasota,Sarasota,Central West
Sand Pearl Resort,32830,Orlando,Orange,Central
Canyon Restaurant,33767,Clearwater Beach,Pinellas,Central West
Intercontinental Miami,33304,Fort Lauderdale,Broward,South East
Acqualina   ,33131,Miami,Miami-Dade,South East
Gordon Food Service,33160,North Miami Beach,Miami-Dade,South East
Village Tavern 203,33563,Plant City,Hillsborough,Central West
The Cooper,33027,Hollywood,Broward,South East
WDW Cinderella Royal Table,33418,Palm Beach Gardens,Palm Beach,South East
WDW Grand Floridian Convention Ctr,32830,Orlando,Orange,Central
Hilton Garden Inn Boca Raton,32830,Orlando,Orange,Central
Saddlebrook Resorts Inc,33487,Boca Raton,Palm Beach,South East
WDW Animal Kingdom Lodge,33543,Wesley Chapel,Pasco,Central West
Michenberg Culinary Consulting Inc,32830,Orlando,Orange,Central
Culinary Convenience,32757,Mount Dora,Lake,Central
Cuzco Brickell Cocina Peruana Inc,33316,Fort Lauderdale,Broward,South East
Turnberry Isle,33130,Miami,Miami-Dade,South East
Orange Lake Resort,33180,Miami,Miami-Dade,South East
Ponte Vedra Inn & Club,34747,Kissimmee,Osceola,Central
Intercontinental Miami,32082,Ponte Vedra Beach,St Johns,North East
Restaurant Warehouse,33131,Miami,Miami-Dade,South East
Tomson Hospitality,33309,Fort Lauderdale,Broward,South East
Edgewater Beach Hotel,33122,Miami,Miami-Dade,South East
Maja Pasagic ,34102,Naples,Collier,South West
Longboat Key Club,32225,Jacksonville,Duval,North East
Cuvee 30A LLC,34228,Longboat Key,Sarasota,Central West
Palm Beach Atlantic University,32413,Panama City Beach,Bay,North West
Compass/Southeast Georgia,33401,West Palm Beach,Palm Beach,South East
O'Lima ,33401,West Palm Beach,Palm Beach,South East
Intercontinental Miami,33154,Miami Beach,Miami-Dade,South East
SBE - Katsuya ,33131,Miami,Miami-Dade,South East
Tomson Hospitality,33139,Miami Beach,Miami-Dade,South East
Acqualina Management LLC Resup,33122,Miami,Miami-Dade,South East
Rosen Centre Inc,33160,North Miami Beach,Miami-Dade,South East
WDW Hollywood Studios Brown Derby,32819,Orlando,Orange,Central
Club at Hammock Beach LLC,32830,Orlando,Orange,Central
Clearwater Beach Marriott Stes,32137,Palm Coast,Flagler,North East
Turtle Kraals,33767,Clearwater Beach,Pinellas,Central West
WDW Grand Floridian Convention Ctr,33040,Key West,Monroe,South East
Hilton Orlando Bonnet Creek,32830,Orlando,Orange,Central
Bonita Bay Club,32821,Orlando,Orange,Central
WDW Animal Kingdom Lodge,34134,Bonita Springs,Lee,South West
Naples Grand Beach Resort,32830,Orlando,Orange,Central
Rosen Shingle Creek,34103,Naples,Collier,South West
WDW Yacht & Beach Club Resort,32819,Orlando,Orange,Central
Wa Boca Raton Beach Club,32830,Orlando,Orange,Central
Marina Jack ,33432,Boca Raton,Palm Beach,South East
Square Grouper Bar & Grill,34236,Sarasota,Sarasota,Central West
Wynwood Kitchen and Bar LLC,33042,Summerland Key,Monroe,South East
Hilton Tampa Westshore,33127,Miami,Miami-Dade,South East
Culinary Convenience,33607,Tampa,Hillsborough,Central West
Culinary Convenience,33316,Fort Lauderdale,Broward,South East
American Food Equipment,33316,Fort Lauderdale,Broward,South East
American Food Equipment,33136,Miami,Miami-Dade,South East
Mitsukoshi USA Inc,33316,Fort Lauderdale,Broward,South East
Tom Atsides Restaurant Supply,32830,Orlando,Orange,Central
Beaver Street Fisheries,34475,Ocala,Marion,Central
North Beach Bistro,32209,Jacksonville,Duval,North East
Dolphin Hotel Association,32223,Jacksonville,Duval,North East
The Wasserstrom Company,32830,Orlando,Orange,Central
Villa Grande Club,32219,Jacksonville,Duval,North East
Element Hotel,33180,Miami,Miami-Dade,South East
101 Ocean,33180,Miami,Miami-Dade,South East
Vero Beach Hotel and Club,33308,Fort Lauderdale,Broward,South East
Sharkys Restaurant ,32963,Vero Beach,Indian River,Central East
District Table & Bar,34285,Venice,Sarasota,Central West
Dolphin Hotel Associationn,34997,Stuart,Martin,South East
Intercontinental Miami,32830,Orlando,Orange,Central
House of Blues Orlando,33131,Miami,Miami-Dade,South East
Cheney Brothers,32830,Orlando,Orange,Central
Rosies Bar and Grill,33404,West Palm Beach,Palm Beach,South East
Oceans Ten,33305,Fort Lauderdale,Broward,South East
BLT Steak Betsy Hotel,33139,Miami Beach,Miami-Dade,South East
Cheeca Lodge & Spa,33139,Miami Beach,Miami-Dade,South East
SLS Hotel South Beach,33036,Islamorada,Monroe,South East
Bay House Restaurant,33139,Miami Beach,Miami-Dade,South East
GG S Waterfront Bar and Grill,34110,Naples,Collier,South West
Cocina 214 ,33019,Hollywood,Broward,South East
Kaiyo,32789,Winter Park,Orange,Central
miromar lakes beach club Ii,33036,Islamorada,Monroe,South East
"Anderson Fabrics, Inc",33913,Fort Myers,Lee,South West
Delano Hotel,33166,Miami,Miami-Dade,South East
"Avante Naples, Inc",33139,Miami Beach,Miami-Dade,South East
Kesco / Pensacola,34109,Naples,Collier,South West
Center Crest Social Club,32507,Pensacola,Escambia,North West
Theater Tallahassee,32507,Pensacola,Escambia,North West
Navy Seal Museum,32303,Tallahassee,Leon,North Central
Animal Kingdom Lodge,34949,Fort Pierce,St Lucie,Central East
Gulf Coast Village,32830,Orlando,Orange,Central
WDW Grand Floridian ,32830,Orlando,Orange,Central
WDW Grand Floridian,32830,Orlando,Orange,Central
Sheraton Lake Buena Vista,32830,Orlando,Orange,Central
Homewood Suites Tampa,32830,Orlando,Orange,Central
Naples Yacht club Inc,33607,Tampa,Hillsborough,Central West
Sunoco 2725,34102,Naples,Collier,South West
Seminole Blue Plate,33413,West Palm Beach,Palm Beach,South East
Seminole CC Sorrisi,33314,Fort Lauderdale,Broward,South East
O'Bricks Irish Pub LLC,33073,Pompano Beach,Broward,South East
WDW Cinderella Royal Table,34205,Bradenton,Manatee,Central West
WDW Cinderella Royal Table,32830,Orlando,Orange,Central
Culinary Convenience,32830,Orlando,Orange,Central
Gaylord Palms Resort,33316,Fort Lauderdale,Broward,South East
Marriott Stanton South Beach,34746,Kissimmee,Osceola,Central
Gordon Food Service,33139,Miami Beach,Miami-Dade,South East
Jazziz Nightclub,33167,Miami,Miami-Dade,South East
Palm Beach Yacht Club Assocate,33432,Boca Raton,Palm Beach,South East
WDW Animal Kingdom Lodge,33401,West Palm Beach,Palm Beach,South East
Tampa Yacht & Country Club,32830,Orlando,Orange,Central
Fla UNT Presb Homes Inc,33611,Tampa,Hillsborough,Central West
Iguana Mia of Ft Myers,33803,Lakeland,Polk,Central
Casa Marina,33901,Fort Myers,Lee,South West
Pazzo's ,33040,Key West,Monroe,South East
Bay House Restaurant,34102,Naples,Collier,South West
Culinary Convenience,34110,Naples,Collier,South West
Ovinte,33316,Fort Lauderdale,Broward,South East
General Hotel,32246,Jacksonville,Duval,North East
General Hotel,33016,Hialeah,Miami-Dade,South East
General Hotel,33016,Hialeah,Miami-Dade,South East
Gulf Harbour Yacht & Country club,33016,Hialeah,Miami-Dade,South East
Sand Pearl Resort,33908,Fort Myers,Lee,South West
Sand Pearl Resort,33767,Clearwater Beach,Pinellas,Central West
Katherine Clavijo,33767,Clearwater Beach,Pinellas,Central West
Wall St Cantina ,33139,Miami Beach,Miami-Dade,South East
Bostons on the Beach ,32801,Orlando,Orange,Central
Azbros Inc - SMS Games LTD,33483,Delray Beach,Palm Beach,South East
Tampa Holiday Inn,33166,Miami,Miami-Dade,South East
Lago Mar Hotel,33609,Tampa,Hillsborough,Central West
Kasa-Food,33163,Miami,Miami-Dade,South East
American Food Equipment,32801,Orlando,Orange,Central
Tomson Hospitality,33136,Miami,Miami-Dade,South East
Beaty Equipment,33122,Miami,Miami-Dade,South East
Seminole 1st Street Deli,32601,Gainesville,Alachua,North Central
Spoto's Oyster Bar Stuart,33073,Pompano Beach,Broward,South East
Seminole Chef Table,34994,Stuart,Martin,South East
Biscottis Expresso Cafe,33314,Fort Lauderdale,Broward,South East
The Cooper,32205,Jacksonville,Duval,North East
Florida Keys Lobster House,33418,Palm Beach Gardens,Palm Beach,South East
Little Palm Island Ltd,33050,Marathon,Monroe,South East
Piquant,33042,Summerland Key,Monroe,South East
Longboat Key Club,33606,Tampa,Hillsborough,Central West
Cuvee 30A LLC,34228,Longboat Key,Sarasota,Central West
St Petersburg Yacht Club,32413,Panama City Beach,Bay,North West
Culinary Convenience,33701,Saint Petersburg,Pinellas,Central West
Mitsukoshi USA Inc,33316,Fort Lauderdale,Broward,South East
Tom Atsides Restaurant Supply,32830,Orlando,Orange,Central
Beaver Street Fisheries,34475,Ocala,Marion,Central
Dolphin Hotel Assoc.,32209,Jacksonville,Duval,North East
"Anderson Fabrics, Inc",32830,Orlando,Orange,Central
Delano Hotel,33166,Miami,Miami-Dade,South East
"Avante Naples, Inc",33139,Miami,Miami-Dade,South East
American Food Equipment,34109,Naples,Collier,South West
Gulf Harbour Yacht & Country club,33136,Miami,Miami-Dade,South East
Sand Pearl Resort,33908,Fort Myers,Lee,South West
Sand Pearl Resort,33767,Clearwater Beach,Pinellas,Central West
Culinary Convenience,33767,Clearwater Beach,Pinellas,Central West
Intercontinental Miami,33316,Fort Lauderdale,Broward,South East
Fuego 186th St,33131,Miami,Miami-Dade,South East
General Hotel,33180,Miami,Miami-Dade,South East
BYEF - Sky Bar,33016,Hialeah,Miami-Dade,South East
Complete Restaurant Equip. and Supplies,33139,Miami Beach,Miami-Dade,South East
Fleet Landing,32960,Vero Beach,Indian River,Central East
Arbor Terrace @ Citrus Park,32233,Atlantic Beach,Duval,North East
The Wasserstrom Company,33626,Tampa,Hillsborough,Central West
Brazalena Key West,32219,Jacksonville,Duval,North East
The Wasserstrom Company,33040,Key West,Monroe,South East
Christopher's Kitchen-Front of the House,32219,Jacksonville,Duval,North East
Dolphin Hotel Association,33418,Palm Beach Gardens,Palm Beach,South East
Food Service Co-Op,32830,Orlando,Orange,Central
American Food Equipment,33178,Miami,Miami-Dade,South East
Culinary Convenience,33136,Miami,Miami-Dade,South East
Tomson Hospitality,33316,Fort Lauderdale,Broward,South East
American Food Equipment,33122,Miami,Miami-Dade,South East
General Hotel,33136,Miami,Miami-Dade,South East
Seminole Hard Rock Receiving,33016,Hialeah,Miami-Dade,South East
Skyview Country Club,33314,Fort Lauderdale,Broward,South East
General Hotel,34442,Hernando,Citrus,Central West
Complete Restaurant Equip. and Supplies,33016,Hialeah,Miami-Dade,South East
Westin - Key West,32960,Vero Beach,Indian River,Central East
Gordon Food Service,33040,Key West,Monroe,South East
Gordon Food Service,33167,Miami,Miami-Dade,South East
Luma on Park,33563,Plant City,Hillsborough,Central West
World Golf Resort,32789,Winter Park,Orange,Central
Gleneagles Country Club Inc,32092,Saint Augustine,St Johns,North East
Cibos - Miami Beach,33446,Delray Beach,Palm Beach,South East
Birchwood Inn,33139,Miami Beach,Miami-Dade,South East
Rollot Designs Inc,33701,Saint Petersburg,Pinellas,Central West
American Food Equipment,33309,Fort Lauderdale,Broward,South East
Seminole 1st Street Deli,33136,Miami,Miami-Dade,South East
Rollot Designs Inc,33073,Pompano Beach,Broward,South East
Sierra Land Group INC,33309,Fort Lauderdale,Broward,South East
Bostons on the Beach ,32821,Orlando,Orange,Central
A&B Lobster House,33483,Delray Beach,Palm Beach,South East
Turnberry Isle,33040,Key West,Monroe,South East
Segafredo/Pines,33180,Miami,Miami-Dade,South East
Seminole Plum Bar,33027,Hollywood,Broward,South East
Coya Restaurants,33314,Fort Lauderdale,Broward,South East
BYEF - Sky Bar,33131,Miami,Miami-Dade,South East
Seminole Plum Bar,33139,Miami Beach,Miami-Dade,South East
Seminole Pastry K Chench,33314,Fort Lauderdale,Broward,South East
Kona Grill Tampa,33314,Fort Lauderdale,Broward,South East
Kaiyo,33607,Tampa,Hillsborough,Central West
Big Game Bar and Grill,33036,Islamorada,Monroe,South East
Riviera Facility - CBI,33931,Fort Myers Beach,Lee,South West
Yabba,33404,West Palm Beach,Palm Beach,South East
Oceanaire Miami 0085,34102,Naples,Collier,South West
Jupiter Hills Club Inc,33130,Miami,Miami-Dade,South East
Sysco Food Service of South Florida,33469,Jupiter,Palm Beach,South East
Pizza Fusion - Ft Myers,33178,Miami,Miami-Dade,South East
Seminole Hard Rock Hotel and Casino,33901,Fort Myers,Lee,South West
Naples Beach Hotel & Golf Club,33314,Fort Lauderdale,Broward,South East
Tampa Yacht & Country Club,34102,Naples,Collier,South West
Tampa Holiday Inn,33611,Tampa,Hillsborough,Central West
WDW Yacht & Beach Club Resort,33609,Tampa,Hillsborough,Central West
Delairee Country Club Inc,32830,Orlando,Orange,Central
Lee Cordon Bleu,33445,Delray Beach,Palm Beach,South East
WDW Yacht & Beach Club Resort,33025,Hollywood,Broward,South East
Wynwood Kitchen and Bar LLC,32830,Orlando,Orange,Central
Palma Ceia Golf Club,33127,Miami,Miami-Dade,South East
Addison Reserve Cntry Cb,33629,Tampa,Hillsborough,Central West
Supreme Hotel & Restaurant Supply,33446,Delray Beach,Palm Beach,South East
Dolphin Hotel Assoc.,33009,Hallandale,Broward,South East
Sysco Food Service of South Florida,32830,Orlando,Orange,Central
Restaurant Warehouse,33178,Miami,Miami-Dade,South East
Culinary Convenience,33309,Fort Lauderdale,Broward,South East
WDW Boardwalk Resort,33316,Fort Lauderdale,Broward,South East
Glenmoor-Life Caft St. Johns D.I.P.,32830,Orlando,Orange,Central
WDW Animal Kingdom Lodge,32092,Saint Augustine,St Johns,North East
WDW Cinderella Royal Table,32830,Orlando,Orange,Central
Wa Boca Raton Beach Club,32830,Orlando,Orange,Central
Buddah Sky Bar,33432,Boca Raton,Palm Beach,South East
Doubletree West Palm Beach Airport,33444,Delray Beach,Palm Beach,South East
Harborchase of Naples,33409,West Palm Beach,Palm Beach,South East
Sand Key Assoc LP,34109,Naples,Collier,South West
WDW Yacht & Beach Club Resort,33767,Clearwater Beach,Pinellas,Central West
Hilton Hotel Tampa,32830,Orlando,Orange,Central
GG S Waterfront Bar and Grill,33602,Tampa,Hillsborough,Central West
Fisher Island Club Inc,33019,Hollywood,Broward,South East
Skyview Country Club,33109,Miami Beach,Miami-Dade,South East
"Beaver Street Foods, E&S",34442,Hernando,Citrus,Central West
Skyview Country Club,32209,Jacksonville,Duval,North East
American Food Equipment,34442,Hernando,Citrus,Central West
Planet Hollywood,33136,Miami,Miami-Dade,South East
Sand Key Assoc LP,32830,Orlando,Orange,Central
WDW Boardwalk Resort,33767,Clearwater Beach,Pinellas,Central West
The Addison,32830,Orlando,Orange,Central
American Food Equipment,33432,Boca Raton,Palm Beach,South East
Hotel Wish,33136,Miami,Miami-Dade,South East
Cheeca Lodge & Spa,33139,Miami Beach,Miami-Dade,South East
Addison Reserve Cntry Cb,33036,Islamorada,Monroe,South East
Fit Foodz Cafe ,33446,Delray Beach,Palm Beach,South East
Isle At Pompano Park,33496,Boca Raton,Palm Beach,South East
Isle At Pompano Park,33069,Pompano Beach,Broward,South East
Worth Ave Rest Inc,33069,Pompano Beach,Broward,South East
Island Hotel Company,33480,Palm Beach,Palm Beach,South East
Islander Bayside,33178,Miami,Miami-Dade,South East
Miami Beach Golf Club,33036,Islamorada,Monroe,South East
Heinrich Baumann,33140,Miami Beach,Miami-Dade,South East
Pizza Rustica,33924,Captiva,Lee,South West
Hilton Cocoa Beach,33139,Miami Beach,Miami-Dade,South East
S-3,32931,Cocoa Beach,Brevard,Central East
Supreme Hotel & Restaurant Supply,33304,Fort Lauderdale,Broward,South East
Restaurant Warehouse,33009,Hallandale,Broward,South East
Culinary Convenience,33309,Fort Lauderdale,Broward,South East
American Food Equipment,33316,Fort Lauderdale,Broward,South East
American Food Equipment,33316,Fort Lauderdale,Broward,South East
Culinary Convenience,33136,Miami,Miami-Dade,South East
Atalntic Distributors Inc,33316,Fort Lauderdale,Broward,South East
Funky Pelican,32254,Jacksonville,Duval,North East
Planet Hollywood,32136,Flagler Beach,Flagler,North East
Pier House Resort & Caribbean Spa,32830,Orlando,Orange,Central
Riviera Facility - CBI,33040,Key West,Monroe,South East
Planet Hollywood,33404,West Palm Beach,Palm Beach,South East
Hilton Orlando Bonnet Creek,32830,Orlando,Orange,Central
Kensington Golf Country Club,32821,Orlando,Orange,Central
Dolphin Hotel Assoc.,34109,Naples,Collier,South West
Gordon Food Service,32830,Orlando,Orange,Central
Gordon Food Service,33563,Plant City,Hillsborough,Central West
American Food Equipment,33167,Miami,Miami-Dade,South East
General Hotel,33136,Miami,Miami-Dade,South East
General Hotel,33016,Hialeah,Miami-Dade,South East
WDW Animal Kingdom Lodge,33016,Hialeah,Miami-Dade,South East
Casa Marina,32830,Orlando,Orange,Central
Tampa Holiday Inn,33040,Key West,Monroe,South East
Royal Caribbean Weston Shipboard,33609,Tampa,Hillsborough,Central West
Island Hotel Company,33331,Fort Lauderdale,Broward,South East
Biscottis Expresso Cafe,33178,Miami,Miami-Dade,South East
Wyndham Garden Fort Myers Beach,32205,Jacksonville,Duval,North East
Lakeland Yacht Club,33931,Fort Myers Beach,Lee,South West
Reunion Club of Orlando LLC,33803,Lakeland,Polk,Central
One Ocean Resort Hotel & Spa,34747,Kissimmee,Osceola,Central
Miami Airport Hilton,32233,Atlantic Beach,Duval,North East
BYEF - Mondrian Restaurant,33126,Miami,Miami-Dade,South East
Marriott Harbor Beach,33139,Miami Beach,Miami-Dade,South East
The Addison,33316,Fort Lauderdale,Broward,South East
Roux Restaurant,33432,Boca Raton,Palm Beach,South East
Club at Eaglebrooke,33611,Tampa,Hillsborough,Central West
Island Hotel Company,33813,Lakeland,Polk,Central
WDW Main Street North Foods,33178,Miami,Miami-Dade,South East
Roccos Tacos $ Taquila Bar-W Palm,32830,Orlando,Orange,Central
Johnnie Browns,33401,West Palm Beach,Palm Beach,South East
American Girl Orlando,33483,Delray Beach,Palm Beach,South East
Puff N Stuff Catering ,32809,Orlando,Orange,Central
Walt Disney World Swan,32810,Orlando,Orange,Central
Delano Hotel,32830,Orlando,Orange,Central
The Breakers Hotel 1711,33139,Miami Beach,Miami-Dade,South East
Puff N Stuff Catering ,33409,West Palm Beach,Palm Beach,South East
Central Florida Regional Hospital,32810,Orlando,Orange,Central
Roccos Tacos and Tequila Bar - Orlando,32771,Sanford,Seminole,Central
WDW DCL Fantasy Cruise,32819,Orlando,Orange,Central
Clearwater Beach Marriott Stes,32832,Orlando,Orange,Central
Iguana Mia Inc Commissary Ktch,33767,Clearwater Beach,Pinellas,Central West
Tampa Yacht & Country Club,33966,Fort Myers,Lee,South West
Seminole Hard Rock Hotel and Casino,33611,Tampa,Hillsborough,Central West
American Food Equipment,33314,Fort Lauderdale,Broward,South East
American Food Equipment,33136,Miami,Miami-Dade,South East
Culinary Convenience,33136,Miami,Miami-Dade,South East
WDW Contemporary Front Office,33316,Fort Lauderdale,Broward,South East
La Veinte,32830,Orlando,Orange,Central
Tampa Yacht & Country Club,33131,Miami,Miami-Dade,South East
Breakers Hotel,33611,Tampa,Hillsborough,Central West
Le Basque Holding LLC,33480,Palm Beach,Palm Beach,South East
National Marine Suppliers,33155,Miami,Miami-Dade,South East
Kansas Marine-Florida,33315,Fort Lauderdale,Broward,South East
BLT Steak Betsy Hotel,33179,Miami,Miami-Dade,South East
Merlino's,33139,Miami Beach,Miami-Dade,South East
Ann-Marie Guglieri,33432,Boca Raton,Palm Beach,South East
GG S Waterfront Bar and Grill,32819,Orlando,Orange,Central
Conrad Miami,33019,Hollywood,Broward,South East
WDW Yacht & Beach Club Resort,33131,Miami,Miami-Dade,South East
Island Hotel Company,32830,Orlando,Orange,Central
Hilton cocoa Beach,32625,Cedar Key,Levy,North Central
Thistle Lodge TPL,32931,Cocoa Beach,Brevard,Central East
Intercontinental Miami,33957,Sanibel,Lee,South West
PGA National Resort,33131,Miami,Miami-Dade,South East
Culinary Convenience,33418,Palm Beach Gardens,Palm Beach,South East
Omni Amelia Island,33136,Miami,Miami-Dade,South East
Restaurant at Oxford Exchange,32034,Fernandina Beach,Nassau,North East
Hilton Fort Lauderdale Grande,33606,Tampa,Hillsborough,Central West
PGA National Resort,33136,Miami,Miami-Dade,South East
Casa Juancho,33418,Palm Beach Gardens,Palm Beach,South East
St. Regis Bal Harbour,33135,Miami,Miami-Dade,South East
WDW Crystal Palace,33154,Miami Beach,Miami-Dade,South East
Island Hotel Company,32830,Orlando,Orange,Central
Epcot United Kingdom,32625,Cedar Key,Levy,North Central
WDW Polynesian Hotel,32836,Orlando,Orange,Central
WDW Polynesian Hotel,32830,Orlando,Orange,Central
WDW Crystal Palace,32830,Orlando,Orange,Central
Sheraton Jacksonville,32830,Orlando,Orange,Central
Prato,32256,Jacksonville,Duval,North East
Prato,32789,Winter Park,Orange,Central
Suncoast Manor Retirement,32789,Winter Park,Orange,Central
Avanti Orlando Resort,33705,Saint Petersburg,Pinellas,Central West
Pelican Isles Yacht club,32819,Orlando,Orange,Central
WDW Crystal Palace,34110,Naples,Collier,South West
WDW Crystal Palace,32830,Orlando,Orange,Central
WDW DCL Magic,32830,Orlando,Orange,Central
Ocean Reef Club,32830,Orlando,Orange,Central
WDW Yacht & Beach Club Resort,33037,Key Largo,Monroe,South East
Jupiter Hills Club Inc,32830,Orlando,Orange,Central
Solvang Gardens Lodge,33469,Jupiter,Palm Beach,South East
Hilton Orlando Bonnet Creek,32819,Orlando,Orange,Central
Golf Lodge at the Quarry ,32821,Orlando,Orange,Central
Universal Studios B-4,34120,Naples,Collier,South West
Raglan Road Irish Pub,32819,Orlando,Orange,Central
Country Club @ Woodfield,32830,Orlando,Orange,Central
Orange Blossom Hills Country Club,33496,Boca Raton,Palm Beach,South East
WDW DCL Magic,32159,Lady Lake,Lake,Central
Dunes Golf & Tennis Club,32830,Orlando,Orange,Central
Sheraton Safari,33957,Sanibel,Lee,South West
Freedom Point,32836,Orlando,Orange,Central
Epic Hotel,33159,Miami,Miami-Dade,South East
St. Regis Bal Harbour,33131,Miami,Miami-Dade,South East
WDW Epcot Norway Restaurant,33154,Miami Beach,Miami-Dade,South East
EAU Palm Beach Resort & Spa,32821,Orlando,Orange,Central
WDW Animal Kingdom Lodge,33462,Lake Worth,Palm Beach,South East
BLT Steak Betsy Hotel,32821,Orlando,Orange,Central
BLT Steak Betsy Hotel,33139,Miami Beach,Miami-Dade,South East
BLT Steak Betsy Hotel,33139,Miami Beach,Miami-Dade,South East
Universal Studios,33139,Miami Beach,Miami-Dade,South East
Streamsong Resort Lodge,32819,Orlando,Orange,Central
Avanti Orlando Resort,33834,Bowling Green,Hardee,Central
Candy Apple Cafe Chefs Garden,32819,Orlando,Orange,Central
GG S Waterfront Bar and Grill,32202,Jacksonville,Duval,North East
Raglan Road Irish Pub,33019,Hollywood,Broward,South East
Warsaw Coffee Company,32830,Orlando,Orange,Central
Wyndham Grand Jupiter,33304,Fort Lauderdale,Broward,South East
Cigar City Brew Pub,33477,Jupiter,Palm Beach,South East
Wyndham Grand Jupiter,33624,Tampa,Hillsborough,Central West
WDW DCL Dream,33477,Jupiter,Palm Beach,South East
WDW DCL Dream,32830,Orlando,Orange,Central
Avanti Orlando Resort,32830,Orlando,Orange,Central
WDW Boardwalk Resort,32819,Orlando,Orange,Central
WDW All Star Sports,32830,Orlando,Orange,Central
WDW Crystal Palace,32830,Orlando,Orange,Central
Prato,32830,Orlando,Orange,Central
Mayo Clinic Waycross Food Services,32789,Winter Park,Orange,Central
Walsdorf Astoria Golf Club,32789,Winter Park,Orange,Central
WDW Crystal Palace,32821,Orlando,Orange,Central
W South Beach Hotel,32830,Orlando,Orange,Central
Epic Hotel,33139,Miami Beach,Miami-Dade,South East
WDW Crystal Palace,33131,Miami,Miami-Dade,South East
Country Club @ Woodfield,32830,Orlando,Orange,Central
Edward Don,33496,Boca Raton,Palm Beach,South East
Freedom Point,33496,Boca Raton,Palm Beach,South East
WDW Yacht & Beach Club Resort,32159,Lady Lake,Lake,Central
Edward Don,32830,Orlando,Orange,Central
The Foxy Brown,32830,Orlando,Orange,Central
Edward Don,33301,Fort Lauderdale,Broward,South East
Ocean Reef Club,33301,Fort Lauderdale,Broward,South East
WDW Yacht & Beach Club Resort,33037,Key Largo,Monroe,South East
Mease Hospital Dunedin,32830,Orlando,Orange,Central
Edward Don,34698,Dunedin,Pinellas,Central West
Casa D'Angelo Boca,34698,Dunedin,Pinellas,Central West
Holiday Inn,33432,Boca Raton,Palm Beach,South East
The Club at Boca Pointe,33432,Boca Raton,Palm Beach,South East
Palma Ceia Golf Club,33433,Boca Raton,Palm Beach,South East
W South Beach Hotel,33629,Tampa,Hillsborough,Central West
Palma Ceia Golf Club,33139,Miami Beach,Miami-Dade,South East
Wildcat Run Golf and CC Assoc.,33629,Tampa,Hillsborough,Central West
St. Andrews Club,33928,Estero,Lee,South West
Birchwood Inn,33438,Canal Point,Palm Beach,South East
Miami Beach Convention Center,33701,Saint Petersburg,Pinellas,Central West
WDW Grand Floridian ,33139,Miami Beach,Miami-Dade,South East
WDW Boardwalk Resort,32830,Orlando,Orange,Central
WDW Crystal Palace,32830,Orlando,Orange,Central
GG S Waterfront Bar and Grill,32830,Orlando,Orange,Central
Orchid Island Golf Beach Club,33019,Hollywood,Broward,South East
Thistle Lodge TPL,32963,Vero Beach,Indian River,Central East
WDW Crystal Palace,33957,Sanibel,Lee,South West
Edward Don,32830,Orlando,Orange,Central
Point Orlando Resort,32963,Vero Beach,Indian River,Central East
Floridays Orlando Resort,32819,Orlando,Orange,Central
Station House St. Petersburg,32821,Orlando,Orange,Central
Tamarind Cove Hotel,33701,Saint Petersburg,Pinellas,Central West
Edward Don,33701,Saint Petersburg,Pinellas,Central West
Palma Ceia Golf Club,33701,Saint Petersburg,Pinellas,Central West
Avanti Orlando Resort,33629,Tampa,Hillsborough,Central West
Raglan Road Irish Pub,32819,Orlando,Orange,Central
WDW DCL Dream,32830,Orlando,Orange,Central
Cigar City Brew Pub,32830,Orlando,Orange,Central
San Luis Creek Lodge,33624,Tampa,Hillsborough,Central West
Life Care of Orlando,32819,Orlando,Orange,Central
Timuquana Country Club,32817,Orlando,Orange,Central
Epic Hotel,32210,Jacksonville,Duval,North East
Tom Weadock III,33131,Miami,Miami-Dade,South East
Station House St. Petersburg,32819,Orlando,Orange,Central
Hard Rock Cafe and Restaurant,33701,Saint Petersburg,Pinellas,Central West
Edward Don,32819,Orlando,Orange,Central
Edward Don,32819,Orlando,Orange,Central
Hilton Orlando Bonnet Creek,32819,Orlando,Orange,Central
Colony Hotel,32821,Orlando,Orange,Central
Culinary Convenience,33480,Palm Beach,Palm Beach,South East
PGA National Resort,33316,Fort Lauderdale,Broward,South East
BLT Steak Betsy Hotel,33418,Palm Beach Gardens,Palm Beach,South East
Market 17,33139,Miami Beach,Miami-Dade,South East
WDW Crystal Palace,33316,Fort Lauderdale,Broward,South East
Royal Poinciana Club,32830,Orlando,Orange,Central
WDW DCL Wonder,34105,Naples,Collier,South West
W South Beach Hotel,32830,Orlando,Orange,Central
Atalntic Distributors Inc,33139,Miami Beach,Miami-Dade,South East
General Hotel,32254,Jacksonville,Duval,North East
Tomson Hospitality,33016,Hialeah,Miami-Dade,South East
Winsor Club Inc,33122,Miami,Miami-Dade,South East
Shore Diner,32963,Vero Beach,Indian River,Central East
Sheraton Safair,34236,Sarasota,Sarasota,Central West
American Food Equipment,32836,Orlando,Orange,Central
Casa Marina,33136,Miami,Miami-Dade,South East
Dolphin Hotel Assoc.,33040,Key West,Monroe,South East
WDW Yacht & Beach Club Resort,32830,Orlando,Orange,Central
WDW Yacht & Beach Club Resort,32830,Orlando,Orange,Central
Indigenous,32830,Orlando,Orange,Central
The Breakers Hotel,34236,Sarasota,Sarasota,Central West
Trump Natl Gold Club Jupiter,33480,Palm Beach,Palm Beach,South East
WDW Hollywood Studios Backlot,33477,Jupiter,Palm Beach,South East
Tampa Distribution,32802,Orlando,Orange,Central
Spoto's Oyster Bar Stuart,33634,Tampa,Hillsborough,Central West
The Wasserstrom,34994,Stuart,Martin,South East
The Wasserstrom,32219,Jacksonville,Duval,North East
Umi Francois Lorin,33139,Miami Beach,Miami-Dade,South East
Wall St Cantina,32789,Winter Park,Orange,Central
Brasserie Central,32801,Orlando,Orange,Central
Glenmoor-Life Cafe St. Johns D.I.P.,33146,Miami,Miami-Dade,South East
Walt Disney World Swan,32092,Saint Augustine,St Johns,North East
Breakers Hotel,32830,Orlando,Orange,Central
Sevinch Hospitality,33480,Palm Beach,Palm Beach,South East
Casa Monica Hotel,33901,Fort Myers,Lee,South West
N Fla Regional Hops,32084,Saint Augustine,St Johns,North East
Saddlebrook Resorts Inc,32605,Gainesville,Alachua,North Central
WDW Animal Kingdom Lodge,33543,Wesley Chapel,Pasco,Central West
Plymouth Harbor,32830,Orlando,Orange,Central
Lago Mar Hotel,34236,Sarasota,Sarasota,Central West
WDW Animal Kingdom Lodge,33316,Fort Lauderdale,Broward,South East
S-3,32830,Orlando,Orange,Central
Coconuts Bahama Grill LLC,33304,Fort Lauderdale,Broward,South East
Creme de la Cocoa,33316,Fort Lauderdale,Broward,South East
Wa Boca Raton Beach Club,32084,Saint Augustine,St Johns,North East
Bavaria Haus,33431,Boca Raton,Palm Beach,South East
Longboat Key Club,33132,Miami,Miami-Dade,South East
Breakers Hotel,34228,Longboat Key,Sarasota,Central West
Westin-Key West,33480,Palm Beach,Palm Beach,South East
General Hotel,33040,Key West,Monroe,South East
Delano Hotel,33016,Hialeah,Miami-Dade,South East
National Marine Suppliers,33139,Miami Beach,Miami-Dade,South East
Atalntic Distributors Inc,33315,Fort Lauderdale,Broward,South East
Doubletree Resort Orlando,32254,Jacksonville,Duval,North East
"Creative Breakfast Concepts, Inc",32821,Orlando,Orange,Central
Sheraton Suites Plantation,32763,Orange City,Volusia,Central East
Key West Marriott,33324,Fort Lauderdale,Broward,South East
Sarasota Yacht Club,33040,Key West,Monroe,South East
Thomas Murphy-The Beach Bistro ,34236,Sarasota,Sarasota,Central West
Bonita Bay Trianon Hotel,34217,Bradenton Beach,Manatee,Central West
Mayflower Retirement Center,34134,Bonita Springs,Lee,South West
Town Kitchen Bar,32792,Winter Park,Orange,Central
Biscottis Expresso Cafe,33143,Miami,Miami-Dade,South East
WDW Animal Kingdom Lodge,32205,Jacksonville,Duval,North East
Tavolinos Restaurante,32830,Orlando,Orange,Central
Seminole Blue Plate,33065,Pompano Beach,Broward,South East
Seminole Pastry K Chench,33314,Fort Lauderdale,Broward,South East
The Breakers Hotel,33314,Fort Lauderdale,Broward,South East
Caffe Italia,33480,Palm Beach,Palm Beach,South East
Caffe Italia,33134,Miami,Miami-Dade,South East
Kestrel Liner Agencies,33134,Miami,Miami-Dade,South East
The Perfect Caper KD G,33178,Miami,Miami-Dade,South East
Improv City Place,33950,Punta Gorda,Charlotte,South West
Culinary Convenience,33401,West Palm Beach,Palm Beach,South East
Seminole Blue Plate,33316,Fort Lauderdale,Broward,South East
Cafe Tu Tu Tango,33314,Fort Lauderdale,Broward,South East
Sierra Land Group Inc/ Caribe Royale Resort,32819,Orlando,Orange,Central
Guppy's On The Beach,32821,Orlando,Orange,Central
General Hotel,33785,Indian Rocks Beach,Pinellas,Central West
The Addison,33016,Hialeah,Miami-Dade,South East
Walt Disney World Swan,33432,Boca Raton,Palm Beach,South East
Hobnob,32830,Orlando,Orange,Central
Dolphin Hotel Assoc.,34102,Naples,Collier,South West
Dolphin Hotel Assoc.,32830,Orlando,Orange,Central
Dolphin Hotel Assoc.,32830,Orlando,Orange,Central
Dolphin Hotel Assoc.,32830,Orlando,Orange,Central
Wall St Cantina,32830,Orlando,Orange,Central
Brasserie Central,32801,Orlando,Orange,Central
Breakers Hotel,33146,Miami,Miami-Dade,South East
Hilton Singer Island Resort,33480,Palm Beach,Palm Beach,South East
Diplomat Resort & Spa,33404,West Palm Beach,Palm Beach,South East
Buddah Sky Bar,33019,Hollywood,Broward,South East
WDW Contemporary Resort F B,33444,Delray Beach,Palm Beach,South East
Worthington Country Club,32830,Orlando,Orange,Central
S-3,34135,Bonita Springs,Lee,South West
Buffalo Crossing,33304,Fort Lauderdale,Broward,South East
Nova Southeastern University C,32162,The Villages,Sumter,Central
Nova Southeastern University C,33314,Fort Lauderdale,Broward,South East
Tomson Hospitality,33314,Fort Lauderdale,Broward,South East
